CustomerID,OriginalCustomerID,FirstName,LastName,Gender,Region,SSN
1,C0001,Gregory,Miller,Male,Ohio,082573197
2,C0002,Marvin,Unknown,Male,California,309-6256-21
3,C0003,Gregory,Smith,Male,New York,407071725
4,C0004,Edward,Davis,Male,Ohio,948.18.5740
5,C0005,Reginald,Dawson,Male,Texas,975.72.3056
6,C0006,Virginia,Bryant,Female,Ohio,981/72/7452
7,C0007,Benjamin,Shepherd,Male,Ohio,048008736
8,C0008,Robert,Pierce,Male,New York,009/01/2352
9,C0009,Samuel,Mcconnell,Male,California,007-3486-87
10,C0010,Jason,Unknown,Male,New York,785/76/9341
11,C0011,Jason,Morales,Male,Unknown,325-2353-01
12,C0012,Charles,Unknown,Male,New York,239.14.0962
13,C0013,Brandon,Unknown,Male,Ohio,573-3595-11
14,C0014,Jeffery,Cabrera,Male,New York,705.13.1809
15,C0015,William,Gonzalez,Male,New York,058-13-1272
16,C0016,Joe,Barnett,Male,Ohio,995/87/4707
17,C0017,Angela,Cantrell,Female,Texas,648-61-0422
18,C0018,Mariah,Wilson,Female,New York,108/82/5602
19,C0019,Michael,Unknown,Male,New York,018-10-5442
20,C0020,Robert,Unknown,Male,New York,029-4166-39
21,C0021,Rachel,Unknown,Female,New York,453-6622-48
22,C0022,Timothy,Unknown,Male,Texas,239-01-2990
23,C0023,Grant,Bartlett,Male,Ohio,914-9819-50
24,C0024,Luis,Roberts,Male,New York,763990480
25,C0025,Jordan,Mercado,Male,Texas,765370466
26,C0026,Jesse,Wilkerson,Male,New York,929/20/0753
27,C0027,Brandon,Smith,Male,New York,614443050
28,C0028,William,Smith,Male,California,497/91/9481
29,C0029,Timothy,Unknown,Male,Ohio,916.67.4499
30,C0030,Desiree,Washington,Female,Ohio,408-46-8745
31,C0031,Steven,Morgan,Male,Ohio,701763121
32,C0032,Joshua,Carson,Male,New York,568-92-0245
33,C0033,Joshua,Robinson,Male,New York,047014271
34,C0034,Paula,Hanson,Female,Ohio,081/07/9840
35,C0035,Joshua,Sullivan,Male,Texas,904.58.8403
36,C0036,Lori,Long,Female,California,017-5322-19
37,C0037,Brett,Unknown,Male,Unknown,890898446
38,C0038,Jose,Griffin,Male,California,209/80/2253
39,C0039,John,Mendoza,Male,New York,490-4888-96
40,C0040,Yvette,Wood,Female,Ohio,367-78-2663
41,C0041,Michael,Stephens,Male,New York,936-93-1355
42,C0042,Steven,Farley,Male,Texas,184/60/5366
43,C0043,Rachel,Unknown,Female,New York,419/85/0542
44,C0044,James,Robbins,Male,New York,461-34-7072
45,C0045,Andrew,Hopkins,Male,New York,863-15-2583
46,C0046,Dennis,Unknown,Male,California,573/90/4617
47,C0047,Seth,Hess,Male,Texas,075643618
48,C0048,Frank,Ross,Male,Ohio,466.83.1539
49,C0049,Jeffrey,Unknown,Male,Texas,987/35/8591
50,C0050,Kimberly,Wright,Female,New York,556/57/7221
51,C0051,David,Unknown,Male,Unknown,709.24.5509
52,C0052,Todd,Kelley,Male,New York,111-35-6646
53,C0053,Ian,Schneider,Male,New York,174630010
54,C0054,Christopher,White,Male,California,356.84.9560
55,C0055,Jonathan,Thomas,Male,New York,699-0156-58
56,C0056,Sonia,Vaughn,Female,California,906-9403-74
57,C0057,Brian,Price,Male,Ohio,857/37/7811
58,C0058,Steven,Miller,Male,Texas,097-6290-75
59,C0059,Eric,Hoffman,Male,California,696/48/3718
60,C0060,Jonathan,Unknown,Male,New York,054.34.9385
61,C0061,Gary,Nunez,Male,New York,140/20/8506
62,C0062,Mark,Adams,Male,Texas,550-55-0046
63,C0063,Latoya,Unknown,Female,Ohio,575-57-9346
64,C0064,Jason,Unknown,Male,Unknown,051/16/0222
65,C0065,Anthony,Butler,Male,Ohio,816-77-4692
66,C0066,Thomas,Kelly,Male,California,951.13.3429
67,C0067,Eric,Morris,Male,New York,192-18-1825
68,C0068,John,Unknown,Male,Unknown,866-81-0493
69,C0069,David,Hardy,Male,California,133-1820-60
70,C0070,Kevin,Franklin,Male,New York,632496047
71,C0071,Charles,Warren,Male,Texas,515-65-1928
72,C0072,Eric,Mora,Male,California,458923106
73,C0073,Vincent,Unknown,Male,New York,129128820
74,C0074,Roberto,Unknown,Male,New York,363-76-4583
75,C0075,Troy,Garcia,Male,New York,977/03/9472
76,C0076,James,Clark,Male,Texas,430-92-2347
77,C0077,John,Johnson,Male,Unknown,747-8226-62
78,C0078,Caleb,Ramirez,Male,New York,301728783
79,C0079,Timothy,Unknown,Male,New York,410/56/1810
80,C0080,Ian,Fowler,Male,Unknown,558-15-0115
81,C0081,Ryan,Pearson,Male,California,674718631
82,C0082,Samuel,Lopez,Male,Ohio,945-93-6644
83,C0083,Antonio,Unknown,Male,Texas,510-56-7460
84,C0084,Michael,Brooks,Male,Ohio,119-91-7665
85,C0085,Lindsay,Roberts,Female,Ohio,815/63/1005
86,C0086,Robert,Unknown,Male,Ohio,094-07-1577
87,C0087,John,Unknown,Male,California,263-34-6589
88,C0088,William,Unknown,Male,Ohio,622.41.1761
89,C0089,Anthony,Lin,Male,New York,231-34-6985
90,C0090,Jeremy,Williams,Male,New York,638708215
91,C0091,Anna,Unknown,Female,Texas,551/20/3013
92,C0092,Antonio,Unknown,Male,Ohio,056245826
93,C0093,Samuel,Woods,Male,Ohio,498/10/5868
94,C0094,Darren,Woods,Male,Texas,301.92.4330
95,C0095,Paul,Reed,Male,Texas,378-8854-80
96,C0096,Christina,Brown,Female,California,869-8672-31
97,C0097,Anthony,Watts,Male,Texas,620/44/5794
98,C0098,Cassandra,Jones,Female,New York,149340457
99,C0099,Corey,Valentine,Male,California,940/17/7867
100,C0100,Vernon,Morrow,Male,Texas,719/37/8837
101,C0101,Robert,Johnson,Male,Ohio,040-6106-97
102,C0102,Dennis,Dominguez,Male,New York,550/01/1030
103,C0103,Michael,Unknown,Male,California,696/54/6354
104,C0104,Stanley,Martin,Male,New York,842.67.0625
105,C0105,David,Vance,Male,New York,343-0309-22
106,C0106,Jason,Abbott,Male,Texas,636/18/1643
107,C0107,Christine,Ellis,Female,New York,634157903
108,C0108,Edwin,Burgess,Male,New York,078/39/8291
109,C0109,Caleb,Long,Male,Unknown,580/78/2929
110,C0110,Megan,Miller,Female,Ohio,898-14-6425
111,C0111,Brett,Unknown,Male,Texas,125/91/7939
112,C0112,Tyrone,Bell,Male,California,753-05-5870
113,C0113,Fernando,Martinez,Male,California,913-0392-42
114,C0114,Tyrone,Brown,Male,Texas,333-4677-11
115,C0115,William,Branch,Male,New York,008.41.7074
116,C0116,Richard,Unknown,Male,California,358.34.4223
117,C0117,Donald,Terrell,Male,California,207-88-9507
118,C0118,Joseph,Morgan,Male,Ohio,153-1650-24
119,C0119,Johnny,Unknown,Male,California,165.62.2040
120,C0120,Roger,Unknown,Male,California,562976885
121,C0121,Melissa,Dominguez,Female,New York,177/76/4159
122,C0122,Dustin,Cook,Male,Ohio,248.48.6801
123,C0123,Rebecca,Armstrong,Female,Ohio,624.66.3469
124,C0124,Gabriel,Unknown,Male,New York,175915578
125,C0125,Christopher,Green,Male,California,328058594
126,C0126,Keith,Oneal,Male,California,275.56.4906
127,C0127,Frank,Turner,Male,Unknown,817-84-4697
128,C0128,Tina,Unknown,Female,Ohio,387/15/2762
129,C0129,Gregory,Neal,Male,Texas,654553785
130,C0130,Ronald,Unknown,Male,Ohio,622/83/6352
131,C0131,Daniel,Unknown,Male,New York,378424172
132,C0132,Ryan,Stephens,Male,Unknown,198-5941-83
133,C0133,Kevin,Unknown,Male,Unknown,294/23/8712
134,C0134,Cole,Nelson,Male,California,677-4317-21
135,C0135,William,Watkins,Male,Texas,532-1241-44
136,C0136,Crystal,Floyd,Female,New York,168-52-8691
137,C0137,Nicole,Unknown,Female,New York,297.91.0856
138,C0138,William,Boone,Male,Unknown,499-81-2161
139,C0139,Robert,Cook,Male,Texas,615.11.2555
140,C0140,Cesar,Wise,Male,New York,203-69-9425
141,C0141,Douglas,Miller,Male,Ohio,964/33/8007
142,C0142,Travis,Johnson,Male,California,508-54-8337
143,C0143,Sydney,Fisher,Female,New York,706854753
144,C0144,Clifford,Unknown,Male,Texas,343/87/7021
145,C0145,Aaron,Unknown,Male,Texas,523/68/1709
146,C0146,Zachary,Unknown,Male,Ohio,608-6876-51
147,C0147,Christopher,Hall,Male,California,200/46/6014
148,C0148,Matthew,Unknown,Male,California,099/89/5098
149,C0149,Robert,Adkins,Male,New York,868-36-4514
150,C0150,Jon,Cohen,Male,California,635-23-8437
151,C0151,Matthew,Walter,Male,Unknown,649/41/9497
152,C0152,Steven,Unknown,Male,Texas,985/71/5518
153,C0153,Gregory,Krueger,Male,California,274.65.4231
154,C0154,Andrew,Unknown,Male,Texas,709/37/6129
155,C0155,Amanda,Browning,Female,Texas,000.80.2922
156,C0156,Derrick,Bennett,Male,New York,333070492
157,C0157,John,Unknown,Male,New York,905-21-5215
158,C0158,Jeffrey,Harris,Male,New York,470/86/8400
159,C0159,Alexander,Unknown,Male,New York,601802494
160,C0160,Amy,Cruz,Female,Texas,130/29/5709
161,C0161,Justin,Williams,Male,Unknown,780-84-0007
162,C0162,James,Williams,Male,New York,169-8295-71
163,C0163,Tina,Holt,Female,New York,546-5872-81
164,C0164,Theresa,Davis,Female,Texas,816.34.7228
165,C0165,Gregory,Ortega,Male,New York,859-3483-25
166,C0166,Ronald,Unknown,Male,New York,276.53.5075
167,C0167,Kevin,Unknown,Male,New York,076-88-2950
168,C0168,David,Miller,Male,California,914.36.7227
169,C0169,Keith,Reed,Male,New York,401/07/7473
170,C0170,Cody,Keller,Male,Ohio,684-75-7240
171,C0171,Tim,Cameron,Male,Texas,836.32.9420
172,C0172,Michael,Bates,Male,Texas,745-11-7268
173,C0173,Alexander,Flores,Male,Unknown,216.17.3440
174,C0174,Chloe,Wheeler,Female,Ohio,560-5974-28
175,C0175,Darrell,Smith,Male,New York,198963876
176,C0176,Edward,Bell,Male,New York,381-9101-40
177,C0177,Daniel,Unknown,Male,California,751-0588-72
178,C0178,Miguel,Chung,Male,New York,282577204
179,C0179,Michael,Unknown,Male,New York,204846261
180,C0180,John,Unknown,Male,California,348492942
181,C0181,Michael,Hodges,Male,Texas,778-30-1843
182,C0182,David,Tran,Male,Ohio,708199071
183,C0183,Mark,Howell,Male,Texas,735-3810-42
184,C0184,Miguel,Goodman,Male,Texas,713156107
185,C0185,James,Murphy,Male,New York,906/91/8733
186,C0186,Christopher,Santos,Male,Ohio,375/12/9236
187,C0187,Thomas,Unknown,Male,New York,021777542
188,C0188,Wayne,Snyder,Male,Texas,491-38-4012
189,C0189,David,Jackson,Male,New York,157-40-2491
190,C0190,Matthew,Gray,Male,Ohio,764979468
191,C0191,Christopher,Sandoval,Male,New York,690628259
192,C0192,Thomas,Unknown,Male,New York,359-56-1933
193,C0193,Julie,Lozano,Female,New York,749/67/4470
194,C0194,Eric,Unknown,Male,Ohio,689.37.9003
195,C0195,Tamara,Unknown,Female,New York,358-4954-00
196,C0196,Kevin,Unknown,Male,Unknown,121/19/2928
197,C0197,Tyler,Larsen,Male,New York,860616468
198,C0198,James,Ortiz,Male,California,603762095
199,C0199,Maurice,Unknown,Male,New York,959/51/2357
200,C0200,Mario,Huff,Male,Unknown,023-8191-37
201,C0201,Cameron,Santiago,Male,Ohio,035.58.0197
202,C0202,Jason,Unknown,Male,Ohio,858/37/6262
203,C0203,Michael,Holloway,Male,Ohio,523/56/9572
204,C0204,Raymond,Unknown,Male,New York,234-22-9115
205,C0205,Christopher,Johnson,Male,New York,196.54.2452
206,C0206,Steven,Johnson,Male,New York,350-34-3088
207,C0207,Brandon,Unknown,Male,Ohio,969/21/5763
208,C0208,Logan,Unknown,Male,Texas,956-29-7833
209,C0209,Andrew,Curtis,Male,New York,866-6045-95
210,C0210,Thomas,Lopez,Male,Ohio,826-47-0616
211,C0211,Daniel,Holland,Male,Ohio,115.11.4720
212,C0212,Eric,Burgess,Male,New York,207-1954-25
213,C0213,Brian,Esparza,Male,Ohio,499/92/6999
214,C0214,Larry,Knight,Male,Texas,238-5259-72
215,C0215,Reginald,Lee,Male,Texas,278-6380-19
216,C0216,Spencer,Howard,Male,Texas,854291313
217,C0217,Susan,Smith,Female,Texas,414622277
218,C0218,Daniel,Wilcox,Male,Ohio,852.84.1205
219,C0219,Derek,Unknown,Male,Unknown,527.30.6899
220,C0220,Gregory,Trujillo,Male,Texas,350-09-8032
221,C0221,Keith,Brown,Male,Texas,210.24.8549
222,C0222,Samantha,Barnes,Female,California,377.37.4733
223,C0223,Stephanie,Mckenzie,Female,Texas,096-7013-07
224,C0224,Cesar,Unknown,Male,Texas,907.42.6622
225,C0225,Thomas,Sosa,Male,Texas,079-30-2406
226,C0226,Christopher,Unknown,Male,New York,280.99.7339
227,C0227,Jeffrey,Unknown,Male,Ohio,465.35.7339
228,C0228,Travis,Jones,Male,New York,473-77-9006
229,C0229,Derrick,Walters,Male,New York,154.95.7652
230,C0230,Daniel,Mitchell,Male,California,899.86.9584
231,C0231,Jacob,Walton,Male,Texas,268796912
232,C0232,Mark,Hopkins,Male,New York,469/86/0676
233,C0233,Mary,Unknown,Female,Ohio,400/27/9865
234,C0234,Andrew,Bush,Male,California,376/12/4410
235,C0235,Amy,Unknown,Female,New York,604/91/9892
236,C0236,Travis,Unknown,Male,California,545.77.6601
237,C0237,Marc,Unknown,Male,New York,439493309
238,C0238,Jay,Wright,Male,Ohio,187/92/1561
239,C0239,Frank,Unknown,Male,New York,535-12-6229
240,C0240,Jessica,Unknown,Female,New York,810.76.7865
241,C0241,Samuel,Taylor,Male,New York,703724255
242,C0242,Jeffrey,Sparks,Male,New York,765.95.6872
243,C0243,Eric,Lopez,Male,New York,582-6685-00
244,C0244,Mark,Davidson,Male,Texas,677-6519-26
245,C0245,Mary,Anderson,Female,Texas,992/00/2853
246,C0246,Amanda,Kelly,Female,Ohio,418-5224-65
247,C0247,Steven,Williams,Male,New York,819/70/1950
248,C0248,Michelle,Morrow,Female,California,899686937
249,C0249,Robert,Pena,Male,New York,988-13-4076
250,C0250,Rodney,Adams,Male,New York,180071694
251,C0251,Roy,Cruz,Male,New York,495401130
252,C0252,Joan,Johnson,Female,California,466.71.0398
253,C0253,Michael,Unknown,Male,Ohio,798.49.0734
254,C0254,Shannon,Johnson,Female,New York,982.00.8775
255,C0255,David,Adams,Male,California,138-2451-44
256,C0256,Dwayne,Unknown,Male,New York,517.33.9517
257,C0257,Kevin,Unknown,Male,Ohio,361/85/8506
258,C0258,Sherry,Unknown,Female,Texas,533.41.9413
259,C0259,Samantha,Mays,Female,New York,594/56/7425
260,C0260,Robert,Anderson,Male,New York,925-17-6007
261,C0261,Julie,Meyers,Female,New York,522.61.5596
262,C0262,Kyle,Church,Male,Ohio,821572393
263,C0263,Nicholas,Clark,Male,New York,661308159
264,C0264,Tracy,Peterson,Female,Texas,350.02.8080
265,C0265,Lori,Mccarthy,Female,Texas,638/29/4112
266,C0266,Amy,Buck,Female,New York,150634899
267,C0267,James,Unknown,Male,New York,005-66-9453
268,C0268,Jessica,Dawson,Female,Ohio,463/68/4353
269,C0269,Madison,Unknown,Female,New York,093-7652-03
270,C0270,Richard,Schaefer,Male,Ohio,650/80/4653
271,C0271,Nicholas,Unknown,Male,California,088.13.8659
272,C0272,Erika,Sanchez,Female,Texas,759457940
273,C0273,Geoffrey,Bell,Male,California,378-0441-49
274,C0274,Michael,Martinez,Male,Ohio,221.45.4213
275,C0275,Joseph,Bowers,Male,Unknown,715420916
276,C0276,Johnathan,Williams,Male,California,698.77.0629
277,C0277,Jessica,Hawkins,Female,California,509952002
278,C0278,Seth,Unknown,Male,New York,574-59-5993
279,C0279,Jennifer,Ferguson,Female,New York,940-38-6159
280,C0280,Andrew,Smith,Male,Unknown,913-6969-10
281,C0281,Michelle,Conrad,Female,Texas,272/42/4961
282,C0282,Gavin,Sloan,Male,New York,409-5608-63
283,C0283,Heather,Hawkins,Female,Texas,285.96.0691
284,C0284,Erik,Baker,Male,Unknown,845-7862-88
285,C0285,Ruben,Unknown,Male,Ohio,280.78.2463
286,C0286,Mary,Griffin,Female,Texas,184-6499-18
287,C0287,Sharon,Unknown,Female,Texas,124.25.4335
288,C0288,Karen,Hays,Female,Unknown,448.28.6732
289,C0289,John,Williams,Male,California,559.57.9989
290,C0290,Erik,Unknown,Male,New York,608-71-7297
291,C0291,Jeffrey,Unknown,Male,Texas,561.24.5225
292,C0292,Shawn,Unknown,Male,New York,456-3413-94
293,C0293,Bradley,Black,Male,Texas,824/56/2887
294,C0294,Peter,Bennett,Male,Texas,312.52.9723
295,C0295,Bryan,Ryan,Male,California,748-1896-05
296,C0296,Nancy,Unknown,Female,California,182820684
297,C0297,Timothy,Myers,Male,Texas,667403920
298,C0298,Carla,Rosario,Female,California,889-89-0252
299,C0299,Hannah,Greer,Female,California,709-8128-72
300,C0300,Melanie,Thompson,Female,California,659-39-6269
301,C0301,Anthony,Unknown,Male,New York,479-5689-61
302,C0302,Jason,Gonzales,Male,New York,522-57-0366
303,C0303,Ryan,Matthews,Male,Unknown,727/85/9949
304,C0304,Calvin,Soto,Male,New York,898/08/3634
305,C0305,Curtis,Mccormick,Male,Ohio,765664501
306,C0306,Jonathan,Chan,Male,Unknown,722/35/0922
307,C0307,James,Franco,Male,Texas,413-69-2485
308,C0308,Larry,Walker,Male,California,558-3004-89
309,C0309,Anthony,Cox,Male,New York,789-7985-30
310,C0310,Kevin,Ray,Male,Texas,546/20/9671
311,C0311,David,Owens,Male,California,404-41-9336
312,C0312,Jack,Pugh,Male,California,158/15/7436
313,C0313,Christopher,Unknown,Male,Ohio,211.01.0961
314,C0314,David,Mcguire,Male,New York,596519026
315,C0315,Allison,Unknown,Female,Ohio,689.88.3957
316,C0316,George,Unknown,Male,Texas,305-09-9813
317,C0317,Steven,Stark,Male,California,908.70.1469
318,C0318,Michael,Solis,Male,New York,305.22.3195
319,C0319,Karen,Sullivan,Female,Texas,246-94-7297
320,C0320,Cory,Ramsey,Male,California,438-99-0756
321,C0321,Kelly,Unknown,Female,California,567039426
322,C0322,Joseph,Unknown,Male,Texas,897-8017-80
323,C0323,Peter,Henson,Male,New York,137.81.5524
324,C0324,Tony,Unknown,Male,Ohio,165-2215-26
325,C0325,Bonnie,Unknown,Female,Texas,005-6989-59
326,C0326,Joshua,Reynolds,Male,New York,660.36.0584
327,C0327,Anthony,Jordan,Male,New York,779-2521-82
328,C0328,Gregory,Allen,Male,New York,661-2657-81
329,C0329,Steven,Davis,Male,New York,271957229
330,C0330,Bryan,Richmond,Male,Texas,355-6643-42
331,C0331,David,Unknown,Male,California,356-0126-98
332,C0332,Erika,Unknown,Female,California,884-6584-37
333,C0333,David,Burns,Male,Texas,643-9228-20
334,C0334,John,Unknown,Male,California,375.72.6314
335,C0335,Larry,Jefferson,Male,New York,358-4194-04
336,C0336,Jesse,Unknown,Male,New York,129/12/1590
337,C0337,William,Ray,Male,Unknown,228-7071-40
338,C0338,Richard,Unknown,Male,Ohio,811.18.7611
339,C0339,Alex,Unknown,Male,Ohio,744-0211-27
340,C0340,Frank,Unknown,Male,California,277.76.9327
341,C0341,David,Unknown,Male,New York,797-9320-55
342,C0342,Robert,Unknown,Male,New York,990-32-5135
343,C0343,Matthew,Berry,Male,Ohio,894-81-9798
344,C0344,Noah,Unknown,Male,Texas,510296857
345,C0345,Anthony,Hull,Male,New York,697-9178-25
346,C0346,Jeremy,Lambert,Male,California,658/34/6936
347,C0347,Stephen,Phillips,Male,New York,734845687
348,C0348,Mike,Burke,Male,Texas,866.77.5234
349,C0349,John,Mcintosh,Male,New York,698/80/9899
350,C0350,David,Unknown,Male,California,147653850
351,C0351,Jessica,Manning,Female,New York,647.75.8737
352,C0352,Sean,Simpson,Male,Ohio,638-7289-08
353,C0353,Nathan,Unknown,Male,New York,504-2411-39
354,C0354,Mitchell,Johnson,Male,California,829-8763-88
355,C0355,Pamela,Mcbride,Female,New York,425.90.2226
356,C0356,Stephen,Taylor,Male,Texas,177-5404-42
357,C0357,Jose,Unknown,Male,New York,277415602
358,C0358,Roger,Thompson,Male,Ohio,802-12-7690
359,C0359,Alexander,Morrison,Male,Texas,836-92-1153
360,C0360,Gabriel,Walker,Male,Ohio,898/87/7272
361,C0361,Andrew,Tucker,Male,Ohio,648-0659-49
362,C0362,Matthew,Gillespie,Male,California,084-46-7165
363,C0363,Roy,Hernandez,Male,New York,893-61-4036
364,C0364,Howard,Carlson,Male,New York,507.62.8576
365,C0365,John,Edwards,Male,New York,632-49-3571
366,C0366,John,Edwards,Male,Ohio,462-59-5855
367,C0367,Thomas,Middleton,Male,Ohio,826-5829-90
368,C0368,Robin,Unknown,Female,Ohio,882.48.4061
369,C0369,Robert,Wiggins,Male,California,029-0509-87
370,C0370,Sara,Unknown,Female,Unknown,059281675
371,C0371,Leonard,Unknown,Male,Ohio,149.19.7207
372,C0372,John,Smith,Male,New York,713-22-7086
373,C0373,Peter,Unknown,Male,Texas,292-8736-78
374,C0374,John,Morris,Male,Ohio,748-0135-16
375,C0375,Robert,Unknown,Male,Ohio,209-2035-64
376,C0376,Joshua,Anderson,Male,California,271145858
377,C0377,Christopher,Unknown,Male,Texas,960.64.6196
378,C0378,Dennis,Black,Male,New York,915-18-3314
379,C0379,Paula,Adkins,Female,California,437.43.3821
380,C0380,Steven,Brown,Male,New York,257/55/8548
381,C0381,Roy,West,Male,Texas,304865846
382,C0382,Crystal,Unknown,Female,New York,937-5709-93
383,C0383,Lisa,Miller,Female,Texas,802/59/4377
384,C0384,Cory,Oconnor,Male,California,030/98/0111
385,C0385,Daniel,Unknown,Male,New York,223725368
386,C0386,Jillian,Stone,Female,California,086.66.0761
387,C0387,Peter,Hurst,Male,Texas,779-6719-71
388,C0388,Frank,Flores,Male,Ohio,407.29.8822
389,C0389,David,Unknown,Male,New York,997/21/2778
390,C0390,Tanya,Unknown,Female,California,561244634
391,C0391,Eric,Bailey,Male,New York,030/92/0130
392,C0392,Jason,Unknown,Male,California,941/81/5485
393,C0393,Brandon,Ruiz,Male,California,632-46-1894
394,C0394,Erin,Carroll,Female,New York,024/76/7243
395,C0395,Joseph,Unknown,Male,California,538-65-5716
396,C0396,Warren,Bell,Male,Texas,182324729
397,C0397,Glenda,Jackson,Female,Texas,851/72/1298
398,C0398,Laura,Byrd,Female,California,953.50.4542
399,C0399,Matthew,Unknown,Male,Ohio,564-98-7216
400,C0400,Jesse,Unknown,Male,Unknown,863-0850-99
401,C0401,Timothy,Guzman,Male,Texas,009775821
402,C0402,John,Unknown,Male,New York,349.92.3704
403,C0403,Jasmine,Unknown,Female,California,030.41.0612
404,C0404,Anthony,Taylor,Male,New York,596750707
405,C0405,Lee,Boyd,Male,Texas,973.12.1661
406,C0406,Darrell,Unknown,Male,Texas,413/21/8677
407,C0407,Christian,Mcdaniel,Male,Ohio,466-1910-56
408,C0408,Crystal,Kim,Female,New York,768-04-8601
409,C0409,Robert,Greer,Male,New York,797/69/2134
410,C0410,Brent,Banks,Male,New York,263013531
411,C0411,Scott,Unknown,Male,California,302090516
412,C0412,Jessica,Smith,Female,Texas,847-38-4935
413,C0413,Christina,Unknown,Female,Texas,700493877
414,C0414,Paul,Simmons,Male,California,786274563
415,C0415,Anthony,Unknown,Male,California,480-2618-29
416,C0416,Nicholas,Browning,Male,New York,805/15/7487
417,C0417,Troy,Unknown,Male,Ohio,045-9897-29
418,C0418,Ross,Lee,Male,California,789058243
419,C0419,Gordon,Robinson,Male,California,440-4675-63
420,C0420,April,Fuentes,Female,New York,132-0382-03
421,C0421,Herbert,Unknown,Male,Ohio,035/97/8898
422,C0422,Shelby,Unknown,Female,New York,307-93-4376
423,C0423,Ryan,Maldonado,Male,New York,355-05-6327
424,C0424,Shannon,Barker,Female,Unknown,313-47-0842
425,C0425,Justin,Unknown,Male,California,791670874
426,C0426,Brandon,Hernandez,Male,Unknown,904/60/5617
427,C0427,Cameron,Dominguez,Male,New York,084-1787-56
428,C0428,Joseph,Moore,Male,California,017/47/0860
429,C0429,Mary,Buckley,Female,New York,442/92/7146
430,C0430,Dan,Unknown,Male,Ohio,249/55/2779
431,C0431,Jeffrey,Martinez,Male,California,042-24-8141
432,C0432,Olivia,Unknown,Female,Ohio,051.36.9965
433,C0433,Bryan,Hale,Male,Ohio,634.53.0391
434,C0434,Matthew,Unknown,Male,California,783911683
435,C0435,Robert,Unknown,Male,New York,815533127
436,C0436,Vincent,Rodriguez,Male,Texas,198.07.0447
437,C0437,Richard,Williams,Male,New York,908719026
438,C0438,Melanie,Little,Female,New York,828/28/9179
439,C0439,Brian,Acevedo,Male,New York,272/05/3601
440,C0440,Larry,Unknown,Male,New York,347-3921-42
441,C0441,Terri,Edwards,Female,California,493/90/7825
442,C0442,Seth,Alexander,Male,Unknown,555.08.9445
443,C0443,Matthew,Owens,Male,California,352.40.0102
444,C0444,Jason,Wagner,Male,Ohio,982/05/1754
445,C0445,Michael,Savage,Male,New York,882/65/4392
446,C0446,Michael,Carrillo,Male,New York,564/48/4536
447,C0447,Stephanie,Unknown,Female,New York,663/59/5592
448,C0448,April,Mcdowell,Female,New York,073402459
449,C0449,Amy,Ferguson,Female,Texas,749164614
450,C0450,Donna,Unknown,Female,New York,706-0747-80
451,C0451,Brian,Cooper,Male,Ohio,861.42.5250
452,C0452,Theresa,Unknown,Female,Ohio,570-1296-54
453,C0453,Jacob,Coffey,Male,Ohio,867/43/6512
454,C0454,Terry,Unknown,Male,Texas,677/16/8115
455,C0455,James,Chen,Male,California,487420419
456,C0456,Brittany,Johnson,Female,Texas,979/17/3836
457,C0457,Destiny,Marks,Female,New York,672-40-9579
458,C0458,Louis,Unknown,Male,Texas,784481326
459,C0459,Brittney,Cook,Female,New York,970-61-3474
460,C0460,Gina,Woods,Female,California,275/04/1147
461,C0461,Randy,Unknown,Male,Ohio,338.73.8644
462,C0462,Craig,Walker,Male,California,998-9930-65
463,C0463,Martin,Unknown,Male,California,790/15/3522
464,C0464,Jordan,Powers,Male,California,922.14.4773
465,C0465,Andre,Unknown,Male,Texas,837.68.5476
466,C0466,Rachel,Lewis,Female,Ohio,602.11.3834
467,C0467,James,Unknown,Male,New York,456.67.7367
468,C0468,Tammy,Turner,Female,California,362/63/7054
469,C0469,Helen,Unknown,Female,Ohio,139-3812-77
470,C0470,Misty,White,Female,Texas,563/82/5460
471,C0471,Nicole,Walton,Female,Texas,582-91-9525
472,C0472,William,Mullins,Male,New York,008/37/7542
473,C0473,Brandon,Unknown,Male,New York,170-13-0546
474,C0474,Jacob,Taylor,Male,California,604112993
475,C0475,Charles,Cook,Male,New York,280-8436-92
476,C0476,Jonathan,Daniel,Male,Texas,534.21.2238
477,C0477,Timothy,Unknown,Male,New York,294.62.3873
478,C0478,James,Unknown,Male,Ohio,454-62-5243
479,C0479,Jack,Unknown,Male,Ohio,007204052
480,C0480,David,Smith,Male,Texas,847-71-5785
481,C0481,Timothy,Unknown,Male,Texas,868249618
482,C0482,Ricky,Watson,Male,California,271-4829-98
483,C0483,Benjamin,Foster,Male,Unknown,665/64/0040
484,C0484,Jacob,Lyons,Male,New York,362.91.5393
485,C0485,Jamie,White,Male,Unknown,056/37/9133
486,C0486,Matthew,Unknown,Male,New York,975-57-2862
487,C0487,Melvin,Lewis,Male,New York,394.45.8655
488,C0488,John,Johnson,Male,New York,210-75-4618
489,C0489,Adam,Smith,Male,Ohio,140-1181-96
490,C0490,Susan,Unknown,Female,Texas,513-27-7362
491,C0491,Aaron,Barnes,Male,New York,808/49/9780
492,C0492,Christopher,Ford,Male,Texas,901-32-4128
493,C0493,Carlos,Bailey,Male,New York,686/41/1046
494,C0494,Jacob,Smith,Male,New York,730072863
495,C0495,Robert,Lewis,Male,Texas,937.73.2844
496,C0496,Sherry,Mckenzie,Female,New York,897/44/0990
497,C0497,Oscar,Mcgrath,Male,New York,891-1967-55
498,C0498,Jeremy,Williams,Male,Texas,790-64-7519
499,C0499,Jason,Watkins,Male,California,949235279
500,C0500,Jeffrey,Dean,Male,New York,254/37/1125
501,C0501,Valerie,Lester,Female,Texas,268/11/5021
502,C0502,Ryan,Fischer,Male,Texas,094-5198-63
503,C0503,April,Unknown,Female,Texas,191/78/6810
504,C0504,Emily,Washington,Female,Texas,658093925
505,C0505,Jordan,Martin,Male,California,754.06.2267
506,C0506,Kenneth,Unknown,Male,New York,329100206
507,C0507,John,Hale,Male,California,833-6515-21
508,C0508,Michael,Davis,Male,Ohio,427-85-7401
509,C0509,Nicholas,Unknown,Male,Ohio,872-17-5577
510,C0510,Tristan,Unknown,Male,New York,111-1123-01
511,C0511,Chad,Ramos,Male,Texas,886579305
512,C0512,Ryan,Lee,Male,New York,877-85-7648
513,C0513,Danielle,Unknown,Female,New York,800-4481-53
514,C0514,Brian,Wallace,Male,New York,374475345
515,C0515,Elizabeth,Boyd,Female,New York,200-82-3160
516,C0516,Nathaniel,Snyder,Male,New York,397-37-7759
517,C0517,Donald,Unknown,Male,Ohio,715-6758-13
518,C0518,Juan,Miller,Male,Texas,638-37-0869
519,C0519,Barbara,Ellis,Female,California,990/97/4201
520,C0520,Jacob,Hughes,Male,California,138/39/3386
521,C0521,Jack,Castaneda,Male,New York,050-27-2120
522,C0522,William,Smith,Male,Texas,302-5533-55
523,C0523,Raymond,Wood,Male,Texas,806-60-9242
524,C0524,Teresa,Martin,Female,Ohio,034192490
525,C0525,Carl,Lindsey,Male,Ohio,323198349
526,C0526,Edgar,Bennett,Male,California,444.54.2284
527,C0527,Carlos,Bowman,Male,Ohio,886.43.8183
528,C0528,Tracy,Stewart,Male,Texas,331959404
529,C0529,Bruce,Snow,Male,California,725.90.3432
530,C0530,Steven,Bennett,Male,New York,460196325
531,C0531,Troy,Unknown,Male,New York,028-94-7382
532,C0532,Daniel,Perkins,Male,California,597/37/8024
533,C0533,Gabriel,Unknown,Male,Ohio,028432126
534,C0534,Brandon,Gamble,Male,Ohio,530-0021-67
535,C0535,Kenneth,Unknown,Male,New York,760.39.1227
536,C0536,Daniel,Hardy,Male,New York,113/85/1419
537,C0537,Gary,Unknown,Male,New York,694/61/3884
538,C0538,Aaron,Peck,Male,New York,629933034
539,C0539,Wanda,Clark,Female,New York,992095479
540,C0540,Eduardo,Stokes,Male,New York,663-14-5012
541,C0541,Carlos,Unknown,Male,Texas,572/63/4991
542,C0542,Joshua,Kramer,Male,Ohio,385-8771-36
543,C0543,Bradley,Meyers,Male,New York,137-03-1524
544,C0544,Kyle,Soto,Male,Texas,677.99.4055
545,C0545,Christopher,Spencer,Male,New York,612-05-6774
546,C0546,Stephen,Brown,Male,Texas,732.93.2246
547,C0547,Kaitlyn,Thomas,Female,New York,764.86.3865
548,C0548,Eric,Winters,Male,New York,636-59-1132
549,C0549,Alexander,Harris,Male,New York,541-7164-80
550,C0550,Gregory,Davidson,Male,California,267-97-0472
551,C0551,Amanda,Unknown,Female,Texas,034.52.0558
552,C0552,Kevin,Unknown,Male,California,966365553
553,C0553,Miguel,Fletcher,Male,Ohio,987-32-9480
554,C0554,Gregory,Hicks,Male,New York,966-37-9552
555,C0555,Alec,Unknown,Male,Texas,973-4733-34
556,C0556,Willie,Unknown,Male,California,568.43.1594
557,C0557,Frank,Miller,Male,Texas,617-1762-79
558,C0558,Donna,Unknown,Female,New York,089/63/5050
559,C0559,Carl,Ramirez,Male,New York,279-1965-46
560,C0560,Kimberly,Jones,Female,New York,562/11/1695
561,C0561,Christopher,Unknown,Male,Ohio,876/24/0093
562,C0562,Brenda,Stephens,Female,California,404404846
563,C0563,Katherine,Higgins,Female,New York,016/09/7231
564,C0564,Dakota,Jones,Male,New York,893-7996-21
565,C0565,Mitchell,Unknown,Male,Texas,031.87.4001
566,C0566,Jacob,Wang,Male,New York,695.73.4158
567,C0567,Raymond,Gonzalez,Male,Ohio,062.89.2798
568,C0568,Randy,Unknown,Male,California,398-88-3429
569,C0569,Heather,Mueller,Female,Ohio,947-3711-52
570,C0570,Lee,Mayo,Male,Texas,071-3167-20
571,C0571,Jeffrey,Suarez,Male,New York,658.39.7387
572,C0572,Anthony,Unknown,Male,California,119/62/5762
573,C0573,Adrian,Unknown,Male,California,102.46.0360
574,C0574,Kari,Unknown,Female,Texas,108346362
575,C0575,Paula,Moore,Female,Texas,963-36-3067
576,C0576,Jordan,Sullivan,Male,California,293.25.2049
577,C0577,Paul,Shaw,Male,New York,728-7850-28
578,C0578,Daniel,Cook,Male,California,177/14/6885
579,C0579,Donald,Hubbard,Male,New York,065/53/2591
580,C0580,Alexander,Valentine,Male,Ohio,327340890
581,C0581,Angela,Gomez,Female,New York,587.43.1597
582,C0582,Debbie,Robinson,Female,Texas,626.27.9139
583,C0583,Jim,Fields,Male,New York,047015903
584,C0584,Thomas,Williams,Male,New York,965/40/8422
585,C0585,Kenneth,Gardner,Male,Texas,328899851
586,C0586,Dean,Coffey,Male,Unknown,273155435
587,C0587,Edward,Unknown,Male,California,044244391
588,C0588,Kylie,Garcia,Female,Ohio,925-10-4399
589,C0589,Allen,Foster,Male,Texas,103540670
590,C0590,Michael,Roberts,Male,New York,935562819
591,C0591,Julia,Jacobson,Female,New York,592/88/1377
592,C0592,Melissa,Hernandez,Female,Texas,704/57/9173
593,C0593,Courtney,Unknown,Female,California,360-26-9475
594,C0594,John,Ellis,Male,New York,634-02-5358
595,C0595,Nicholas,Crawford,Male,New York,814.26.3239
596,C0596,Luke,Maldonado,Male,New York,743615538
597,C0597,Dennis,Jones,Male,California,506.76.1257
598,C0598,Desiree,Unknown,Female,Ohio,924579451
599,C0599,Frederick,Williams,Male,New York,496-5914-18
600,C0600,Edwin,Unknown,Male,New York,837.78.0909
601,C0601,Garrett,Unknown,Male,New York,414/95/9933
602,C0602,Bill,Ochoa,Male,California,861882676
603,C0603,Eric,Hicks,Male,New York,649/55/4815
604,C0604,Benjamin,Unknown,Male,New York,697.18.0386
605,C0605,Amy,Walker,Female,California,306.73.2769
606,C0606,Frank,Unknown,Male,Ohio,617/79/0897
607,C0607,Timothy,Miller,Male,Texas,306-55-8618
608,C0608,Calvin,Unknown,Male,Texas,124-0425-98
609,C0609,Derek,Anderson,Male,New York,318/07/8242
610,C0610,Edward,Vazquez,Male,New York,417-7435-38
611,C0611,Alexander,Unknown,Male,Texas,741322264
612,C0612,Teresa,Reed,Female,New York,306-9245-31
613,C0613,Wesley,Nelson,Male,New York,057-47-3606
614,C0614,Tracy,Stevenson,Female,California,771-86-7274
615,C0615,Jason,Abbott,Male,Ohio,524.00.5465
616,C0616,Robert,Zimmerman,Male,California,283-1945-71
617,C0617,Michael,Unknown,Male,New York,204-82-6060
618,C0618,Tiffany,Jones,Female,New York,816/84/9730
619,C0619,Zachary,Nguyen,Male,New York,817/78/3305
620,C0620,Shannon,Chang,Male,New York,582409554
621,C0621,Juan,Davis,Male,New York,707-8786-05
622,C0622,Jerry,Unknown,Male,New York,754/65/5288
623,C0623,Jerry,Unknown,Male,Texas,432/31/6606
624,C0624,Wesley,Carrillo,Male,New York,061.44.4952
625,C0625,Randy,Unknown,Male,Ohio,095-49-8855
626,C0626,Alejandro,Gray,Male,Ohio,745.80.1373
627,C0627,Lisa,Hernandez,Female,New York,393/31/1560
628,C0628,Michael,Vazquez,Male,New York,373/32/0470
629,C0629,Nathan,Johnston,Male,New York,069755427
630,C0630,Thomas,Young,Male,California,727-72-6412
631,C0631,Tony,Unknown,Male,New York,078/32/2176
632,C0632,Kristina,Wright,Female,New York,572-86-2418
633,C0633,Kathryn,Kim,Female,Texas,844-7758-25
634,C0634,Mariah,Unknown,Female,Ohio,323/48/4391
635,C0635,John,Gibson,Male,Texas,490-07-3913
636,C0636,Sean,Hogan,Male,California,734/72/6329
637,C0637,Michael,Wilkinson,Male,New York,152/06/0931
638,C0638,Justin,Collins,Male,California,107-89-9337
639,C0639,Crystal,Riley,Female,California,148449590
640,C0640,John,Unknown,Male,New York,891.91.2403
641,C0641,Kirk,Ramirez,Male,Texas,193/66/1684
642,C0642,Aaron,Unknown,Male,New York,565.74.3758
643,C0643,Brian,Walker,Male,Ohio,576737012
644,C0644,Donald,Unknown,Male,Unknown,937-27-9766
645,C0645,Larry,Moore,Male,Ohio,778.25.6788
646,C0646,Andrew,Unknown,Male,California,729-89-3938
647,C0647,David,Allison,Male,New York,539/06/5495
648,C0648,Jason,Nichols,Male,California,719-2442-80
649,C0649,Amy,Reyes,Female,New York,296737004
650,C0650,John,Wood,Male,Texas,052-04-5462
651,C0651,Natalie,Smith,Female,New York,880-3505-46
652,C0652,James,Unknown,Male,New York,630801605
653,C0653,Billy,Church,Male,New York,740-49-1918
654,C0654,Richard,Nolan,Male,Texas,563/50/7536
655,C0655,Zachary,Unknown,Male,California,314-42-7494
656,C0656,Richard,Jordan,Male,California,344968900
657,C0657,Jason,Unknown,Male,California,051.70.8625
658,C0658,Devin,Unknown,Male,Ohio,000940878
659,C0659,David,Mullen,Male,California,436/03/9045
660,C0660,Adam,Unknown,Male,Texas,981536889
661,C0661,Charles,Fritz,Male,New York,251-90-1495
662,C0662,David,Unknown,Male,Texas,441/64/7109
663,C0663,Lisa,Villa,Female,New York,112149119
664,C0664,Leslie,Hughes,Female,New York,075304211
665,C0665,Steven,White,Male,New York,544828156
666,C0666,Joshua,Unknown,Male,Ohio,973-5585-29
667,C0667,Austin,Hogan,Male,New York,861/99/1792
668,C0668,Joel,Mann,Male,New York,387-57-6444
669,C0669,Kevin,Dixon,Male,Ohio,991/97/3958
670,C0670,Kimberly,White,Female,New York,816996056
671,C0671,David,Bell,Male,New York,129066607
672,C0672,Daniel,Fernandez,Male,Ohio,014-96-4372
673,C0673,Christopher,Davila,Male,Ohio,379022313
674,C0674,Laura,Unknown,Female,Texas,817-2614-59
675,C0675,John,Tucker,Male,Unknown,049591830
676,C0676,Michael,Young,Male,New York,408-0221-83
677,C0677,Devin,Unknown,Male,California,756724909
678,C0678,Austin,Acevedo,Male,New York,211-0663-62
679,C0679,Dustin,Barnett,Male,California,331.10.2620
680,C0680,Aaron,Hampton,Male,Ohio,572-84-6258
681,C0681,Tabitha,Adams,Female,California,288108857
682,C0682,Lindsey,Mitchell,Female,Texas,997-4802-82
683,C0683,Gregory,Stafford,Male,Texas,975/24/5762
684,C0684,Tony,Hurst,Male,New York,103-5957-92
685,C0685,Jeffrey,Unknown,Male,New York,682/61/3360
686,C0686,Frank,Golden,Male,Texas,711819875
687,C0687,William,Thomas,Male,New York,806.15.3788
688,C0688,Jennifer,Leonard,Female,California,719917971
689,C0689,Hector,Christensen,Male,New York,508/60/1600
690,C0690,Christopher,Castro,Male,Unknown,948/80/1129
691,C0691,David,Terry,Male,Texas,416187461
692,C0692,Gregory,Cabrera,Male,Unknown,286.76.2954
693,C0693,Julie,Green,Female,Texas,918-9149-82
694,C0694,Steven,Unknown,Male,Ohio,288496796
695,C0695,Michael,Todd,Male,Texas,413436693
696,C0696,David,Bass,Male,Ohio,168-73-6465
697,C0697,Bryan,Anderson,Male,Texas,566092992
698,C0698,Joseph,Morrison,Male,Unknown,260456543
699,C0699,Scott,Francis,Male,New York,465-9419-14
700,C0700,Scott,Unknown,Male,New York,735.67.8367
701,C0701,Christopher,Norton,Male,California,400961699
702,C0702,Richard,Howard,Male,Ohio,603/11/5189
703,C0703,William,Garcia,Male,California,185.15.1126
704,C0704,Scott,Watts,Male,New York,918.41.2763
705,C0705,Matthew,Floyd,Male,California,084802032
706,C0706,Teresa,Whitehead,Female,Ohio,947.39.7419
707,C0707,Rebecca,Unknown,Female,New York,091-0824-33
708,C0708,Ronald,Maxwell,Male,California,686.26.5522
709,C0709,Jennifer,Nelson,Female,New York,331-69-1084
710,C0710,Joshua,Unknown,Male,New York,478596750
711,C0711,Katie,Murray,Female,Texas,408808242
712,C0712,Ashley,Moore,Female,Ohio,576-7725-50
713,C0713,Carlos,Combs,Male,California,516.04.8874
714,C0714,Nicholas,Unknown,Male,California,567/74/5231
715,C0715,Christopher,Unknown,Male,Unknown,707-8462-72
716,C0716,Jennifer,Pittman,Female,Texas,177.13.1215
717,C0717,Trevor,Fitzgerald,Male,Ohio,527-73-7923
718,C0718,John,Jones,Male,Texas,535606961
719,C0719,Cynthia,Hurley,Female,New York,836-6927-30
720,C0720,Ryan,Mcgrath,Male,Texas,674-2228-57
721,C0721,Christine,White,Female,New York,083.33.2884
722,C0722,Eric,Newman,Male,Unknown,693.89.5447
723,C0723,William,Ellison,Male,Texas,737-0690-29
724,C0724,Christine,White,Female,New York,675.17.5463
725,C0725,Andrew,Glover,Male,Texas,993-5007-94
726,C0726,Stephen,Walton,Male,California,289-8259-74
727,C0727,Rachel,Schwartz,Female,California,160.49.0324
728,C0728,Brittany,Ramsey,Female,Ohio,383-0547-70
729,C0729,Alexis,Donovan,Female,California,561-71-3087
730,C0730,Timothy,Thompson,Male,California,113-46-3587
731,C0731,Calvin,Sanders,Male,Unknown,783/13/6548
732,C0732,Dwayne,Montoya,Male,New York,440/16/7245
733,C0733,Lauren,Salazar,Female,Ohio,248-55-4790
734,C0734,John,Page,Male,New York,794.24.1662
735,C0735,Carlos,Welch,Male,New York,167-90-9533
736,C0736,Thomas,Williams,Male,California,295.19.3511
737,C0737,David,Unknown,Male,New York,761.01.3422
738,C0738,Donna,Unknown,Female,Ohio,747.93.9252
739,C0739,Anita,Cunningham,Female,New York,432-6964-23
740,C0740,Christopher,Wilson,Male,New York,650-0534-93
741,C0741,Collin,Haynes,Male,New York,470/73/6773
742,C0742,Joshua,Jackson,Male,New York,928/63/8658
743,C0743,Eric,Ross,Male,New York,129.76.8513
744,C0744,Heather,French,Female,Ohio,686-53-1531
745,C0745,Chris,Barker,Male,California,739032204
746,C0746,Michael,Young,Male,New York,406-72-1383
747,C0747,Timothy,Fisher,Male,Texas,479517675
748,C0748,Debra,Martin,Female,New York,567-1189-13
749,C0749,Thomas,Jackson,Male,New York,289.55.1262
750,C0750,Kevin,Townsend,Male,New York,050.14.3776
751,C0751,Benjamin,Unknown,Male,California,852-32-5407
752,C0752,Michael,Evans,Male,Texas,498-3503-65
753,C0753,Christian,Gray,Male,New York,239.34.2932
754,C0754,Connor,Smith,Male,New York,740.82.6558
755,C0755,Amanda,Unknown,Female,New York,408-26-2092
756,C0756,Daniel,Perkins,Male,New York,675-1755-92
757,C0757,David,Clark,Male,Unknown,282/93/1210
758,C0758,Christopher,Unknown,Male,Ohio,662484840
759,C0759,Nicholas,Unknown,Male,Ohio,808-2442-93
760,C0760,Savannah,Davis,Female,New York,801729823
761,C0761,Steven,Arnold,Male,New York,159.87.1151
762,C0762,Jose,Unknown,Male,California,970074242
763,C0763,Mark,Unknown,Male,Ohio,039-5745-76
764,C0764,Matthew,Woods,Male,Ohio,558-9367-99
765,C0765,Johnathan,Rivera,Male,Unknown,568504710
766,C0766,Brandon,Edwards,Male,New York,851825607
767,C0767,Jacqueline,Gilmore,Female,Texas,264-1061-17
768,C0768,David,Galloway,Male,Ohio,119/57/3806
769,C0769,Chad,Lyons,Male,California,683117463
770,C0770,Nicholas,Unknown,Male,Texas,649-0725-29
771,C0771,Matthew,Woods,Male,New York,526.21.7299
772,C0772,Travis,Smith,Male,New York,739-2348-14
773,C0773,Casey,Smith,Male,California,318-29-0201
774,C0774,Travis,Bowman,Male,New York,397-23-5347
775,C0775,Mark,Jenkins,Male,New York,568919038
776,C0776,Charles,Williams,Male,California,003-8999-49
777,C0777,Justin,Unknown,Male,New York,557-2341-72
778,C0778,John,Houston,Male,Texas,313-49-0734
779,C0779,Shannon,Bates,Male,California,021/30/3327
780,C0780,Teresa,Morgan,Female,California,527-17-1458
781,C0781,Anthony,Unknown,Male,New York,953/57/9645
782,C0782,Mary,Unknown,Female,California,403-62-2204
783,C0783,Victoria,Nelson,Female,New York,464-5123-85
784,C0784,Benjamin,Unknown,Male,New York,356/60/5783
785,C0785,Janice,David,Female,California,266-38-9766
786,C0786,Leslie,Unknown,Female,Ohio,318-03-3286
787,C0787,Travis,Unknown,Male,New York,726208843
788,C0788,Angela,Dodson,Female,Ohio,715-1643-96
789,C0789,John,Gonzalez,Male,Ohio,010-5095-76
790,C0790,Bryan,Unknown,Male,Texas,910-51-1306
791,C0791,Robert,Schultz,Male,California,101.61.2177
792,C0792,Michael,Unknown,Male,Ohio,117036199
793,C0793,Jeffrey,Smith,Male,New York,219-33-2658
794,C0794,Jason,Robertson,Male,Ohio,359262855
795,C0795,Anthony,Unknown,Male,Unknown,364-08-4063
796,C0796,Erin,Young,Female,Texas,884-9677-39
797,C0797,Justin,Schneider,Male,Texas,574/09/7680
798,C0798,Michael,Unknown,Male,New York,599.39.4555
799,C0799,Brittany,Rodriguez,Female,New York,500883494
800,C0800,Cody,Potter,Male,California,351-55-8727
801,C0801,David,Wagner,Male,New York,943.79.2034
802,C0802,Craig,Lam,Male,Ohio,200.84.5543
803,C0803,John,Unknown,Male,California,423/29/0734
804,C0804,Timothy,Cisneros,Male,California,881-1905-85
805,C0805,Amber,Stephenson,Female,Unknown,205.17.2098
806,C0806,Troy,Unknown,Male,California,110022003
807,C0807,Hunter,Navarro,Male,Unknown,700406261
808,C0808,Robert,Kaufman,Male,Texas,702892540
809,C0809,Jessica,Miller,Female,Texas,673-47-1287
810,C0810,James,Unknown,Male,Texas,419789059
811,C0811,Christine,Allen,Female,New York,951-2488-98
812,C0812,Phillip,Unknown,Male,New York,620-72-8376
813,C0813,Ryan,Unknown,Male,New York,656.31.4369
814,C0814,Julie,Adams,Female,Texas,356097767
815,C0815,Matthew,Sanchez,Male,New York,896.58.8352
816,C0816,Michael,Lynn,Male,New York,614-35-1714
817,C0817,Caroline,Unknown,Female,New York,842908366
818,C0818,Matthew,Perez,Male,New York,558/26/0751
819,C0819,William,Gilbert,Male,Unknown,754-3992-58
820,C0820,Christopher,Unknown,Male,Texas,281.42.9548
821,C0821,Eddie,Smith,Male,New York,901694656
822,C0822,Timothy,Unknown,Male,California,221-4516-73
823,C0823,Kimberly,Brown,Female,Ohio,050/73/5527
824,C0824,Robert,Unknown,Male,Texas,507.44.7361
825,C0825,Michael,Valdez,Male,Texas,356-4576-29
826,C0826,Lisa,Holloway,Female,New York,891/41/2693
827,C0827,Amanda,Collins,Female,Ohio,390.95.9957
828,C0828,Shannon,Unknown,Female,New York,027835510
829,C0829,Eric,Snyder,Male,New York,903113332
830,C0830,Michele,Beasley,Female,New York,507.51.7033
831,C0831,Jeffrey,Wolf,Male,Ohio,711-58-4782
832,C0832,Karen,Medina,Female,New York,648/94/7287
833,C0833,Dean,James,Male,California,618129284
834,C0834,Bryan,Robertson,Male,New York,662124699
835,C0835,Johnny,Coleman,Male,New York,866623520
836,C0836,Charles,Trevino,Male,New York,928.04.5324
837,C0837,Robert,Lopez,Male,New York,386-6741-90
838,C0838,Jesse,Myers,Male,Texas,854.56.3917
839,C0839,Lauren,Lopez,Female,Texas,968-0132-77
840,C0840,John,Sweeney,Male,New York,694-5458-24
841,C0841,Dwayne,Keller,Male,New York,126.64.3837
842,C0842,Jessica,Unknown,Female,California,775/83/9530
843,C0843,Edward,Walker,Male,New York,024898098
844,C0844,David,Thompson,Male,Ohio,768.92.2268
845,C0845,Andrew,Unknown,Male,New York,233-3030-52
846,C0846,Erika,Lloyd,Female,Ohio,198-0366-31
847,C0847,Aaron,Peterson,Male,California,593-84-1266
848,C0848,Rebecca,Unknown,Female,California,256/41/4863
849,C0849,Oscar,Gomez,Male,Unknown,489.63.4078
850,C0850,Randall,Unknown,Male,Texas,070-22-6114
851,C0851,Darrell,Unknown,Male,Unknown,661-3744-96
852,C0852,Jordan,Tanner,Male,New York,748-6072-32
853,C0853,Robert,Snyder,Male,New York,628-8335-06
854,C0854,John,Unknown,Male,New York,063308990
855,C0855,Franklin,Garcia,Male,Texas,051903583
856,C0856,Thomas,Unknown,Male,California,990/88/2906
857,C0857,Austin,Espinoza,Male,New York,950035063
858,C0858,Joshua,Payne,Male,California,403/56/4438
859,C0859,Robert,Unknown,Male,California,749/65/5774
860,C0860,Cathy,Unknown,Female,New York,333381434
861,C0861,Jacob,Williams,Male,Ohio,330.23.7698
862,C0862,Bryan,Hernandez,Male,New York,890-54-1146
863,C0863,Martin,Velasquez,Male,California,091-46-8612
864,C0864,Eric,Wilson,Male,New York,631-7649-02
865,C0865,David,Unknown,Male,Texas,613-01-9907
866,C0866,Phillip,Lopez,Male,New York,001-08-6911
867,C0867,Jorge,Unknown,Male,Texas,080-12-8291
868,C0868,Tyler,Garrison,Male,New York,005/57/1624
869,C0869,Jillian,Hughes,Female,Unknown,247.49.6700
870,C0870,Jasmine,Edwards,Female,Ohio,142-16-2616
871,C0871,Daniel,Curry,Male,Texas,481.07.7923
872,C0872,Joseph,Turner,Male,Ohio,168988272
873,C0873,Cody,Unknown,Male,Texas,786-47-3524
874,C0874,Joshua,Young,Male,Texas,739144009
875,C0875,Dawn,Nunez,Female,New York,665.26.9354
876,C0876,Jasmine,Washington,Female,New York,317-4734-22
877,C0877,Kenneth,Hill,Male,Ohio,071-39-9457
878,C0878,Brian,Unknown,Male,Ohio,616/49/1936
879,C0879,Nicholas,Ramirez,Male,California,812-2438-72
880,C0880,Aaron,Morrison,Male,Texas,044.02.2527
881,C0881,Scott,Unknown,Male,New York,148/45/9253
882,C0882,Sean,Smith,Male,Texas,710/43/1870
883,C0883,Brian,Beard,Male,California,862-01-4263
884,C0884,Jose,Unknown,Male,Unknown,833/57/8977
885,C0885,James,Williams,Male,Ohio,106.85.1769
886,C0886,Angela,Unknown,Female,Ohio,503457186
887,C0887,Evan,Andrews,Male,Unknown,731.92.8333
888,C0888,Donald,Lewis,Male,New York,818.63.6644
889,C0889,Christopher,Unknown,Male,California,397468005
890,C0890,Zachary,Moore,Male,Texas,367-67-1951
891,C0891,Marcus,Unknown,Male,Texas,272979341
892,C0892,Christopher,Unknown,Male,New York,580.79.3035
893,C0893,David,Unknown,Male,Ohio,729/21/8126
894,C0894,Samantha,Unknown,Female,Unknown,066747297
895,C0895,Gregg,Unknown,Male,Ohio,393043927
896,C0896,James,Williams,Male,New York,989-84-2552
897,C0897,James,Morgan,Male,New York,821.29.4237
898,C0898,Juan,Hamilton,Male,California,967-72-2021
899,C0899,David,Powell,Male,Texas,504.87.3647
900,C0900,Eric,Unknown,Male,Ohio,051-7957-39
901,C0901,Evan,Farrell,Male,Texas,221-14-5811
902,C0902,Sean,Harris,Male,New York,448-7799-64
903,C0903,Brandon,Sullivan,Male,Unknown,326306471
904,C0904,David,Unknown,Male,New York,415-43-8803
905,C0905,Alan,Melton,Male,New York,082.18.1707
906,C0906,Michael,Zuniga,Male,Ohio,403/78/5447
907,C0907,Bradley,Parrish,Male,Ohio,935.29.5860
908,C0908,Kevin,Cruz,Male,New York,805-1842-98
909,C0909,Steven,Hamilton,Male,California,833.89.6331
910,C0910,Derek,Carpenter,Male,New York,441.17.1460
911,C0911,Scott,Beasley,Male,New York,351-53-8339
912,C0912,Kristina,Unknown,Female,Texas,035-55-7592
913,C0913,Robert,Ramirez,Male,New York,102-2526-20
914,C0914,Thomas,Smith,Male,New York,380-2781-81
915,C0915,Christopher,Ryan,Male,Unknown,312.08.8400
916,C0916,Lucas,Hernandez,Male,Ohio,120.00.9745
917,C0917,Sandra,Gonzalez,Female,New York,005/43/4466
918,C0918,Katie,Bailey,Female,Texas,002-93-8966
919,C0919,John,Sullivan,Male,New York,953558475
920,C0920,William,Unknown,Male,Texas,428.21.5783
921,C0921,David,Lewis,Male,Texas,342.17.1984
922,C0922,Peter,Unknown,Male,Unknown,420.24.9288
923,C0923,Richard,Mcdaniel,Male,Ohio,819562443
924,C0924,Albert,Bolton,Male,New York,975.02.9800
925,C0925,Susan,Unknown,Female,Texas,537-8740-76
926,C0926,William,Unknown,Male,New York,480/80/7314
927,C0927,Christopher,Williams,Male,Ohio,204.84.6943
928,C0928,Roger,Patrick,Male,New York,956.40.6195
929,C0929,David,Unknown,Male,Ohio,975050802
930,C0930,Charles,Unknown,Male,Texas,250-7531-04
931,C0931,Timothy,Campbell,Male,Unknown,442.32.0679
932,C0932,Misty,Unknown,Female,California,932.14.4830
933,C0933,Patricia,Unknown,Female,California,150/87/7563
934,C0934,Timothy,Unknown,Male,New York,703.95.0512
935,C0935,Jeffrey,Rose,Male,California,982/67/4041
936,C0936,Paul,Unknown,Male,Unknown,582-6433-92
937,C0937,Kyle,Robertson,Male,California,881.32.6075
938,C0938,Alexander,Miller,Male,Texas,007/16/9190
939,C0939,Sandra,Unknown,Female,California,879.28.3301
940,C0940,Shane,Ward,Male,Texas,259-86-5545
941,C0941,Melvin,Unknown,Male,New York,213-2596-74
942,C0942,Thomas,Unknown,Male,California,169/12/7931
943,C0943,Mark,Velez,Male,New York,668-32-7363
944,C0944,Carlos,Richards,Male,Texas,457.37.8358
945,C0945,Garrett,Miller,Male,Ohio,557953164
946,C0946,Gabriel,Cole,Male,California,514-8532-66
947,C0947,James,Robertson,Male,California,475.56.1820
948,C0948,Richard,Powell,Male,California,424-04-1200
949,C0949,David,Unknown,Male,New York,604-25-1144
950,C0950,Eric,Walker,Male,New York,060649770
951,C0951,Luis,Cooper,Male,New York,048/06/6515
952,C0952,Gregory,Unknown,Male,Ohio,266.49.0127
953,C0953,David,Lynch,Male,California,016/86/5351
954,C0954,Keith,Unknown,Male,Unknown,183-1694-15
955,C0955,Dawn,Rogers,Female,California,065/53/8468
956,C0956,Mark,Allen,Male,Ohio,018-7547-13
957,C0957,Jason,Williams,Male,New York,372845521
958,C0958,Molly,Gill,Female,New York,020.58.3905
959,C0959,Jonathan,Unknown,Male,Unknown,213-29-7939
960,C0960,David,Butler,Male,New York,817-47-0751
961,C0961,John,Rodriguez,Male,Texas,472/05/2543
962,C0962,Penny,Unknown,Female,Ohio,908.38.9138
963,C0963,Matthew,Valentine,Male,New York,920/86/7331
964,C0964,Carolyn,Unknown,Female,California,386-58-8802
965,C0965,Scott,Unknown,Male,Ohio,226607396
966,C0966,Christopher,Meadows,Male,Ohio,249/65/1683
967,C0967,Steven,Gill,Male,Texas,751.44.2943
968,C0968,Randy,Smith,Male,New York,766/55/9816
969,C0969,Daniel,Hendrix,Male,Unknown,503/90/5580
970,C0970,Tyler,Allen,Male,Ohio,356209150
971,C0971,Jeff,Nelson,Male,New York,202775865
972,C0972,Dennis,Unknown,Male,California,878/03/4243
973,C0973,Casey,Le,Male,Ohio,457.60.2278
974,C0974,Carolyn,Howell,Female,Ohio,760/76/5320
975,C0975,Peter,Unknown,Male,New York,530-68-5706
976,C0976,Jeremy,Tran,Male,Texas,056.03.9557
977,C0977,Daniel,Malone,Male,Texas,427-2973-71
978,C0978,Kenneth,Ryan,Male,Unknown,240-0161-03
979,C0979,Andrew,Unknown,Male,New York,044-6546-06
980,C0980,Bruce,Hawkins,Male,Ohio,064.58.8071
981,C0981,Matthew,Martinez,Male,Texas,841-52-1315
982,C0982,Kathy,Unknown,Female,California,435-7072-16
983,C0983,Daniel,Unknown,Male,New York,424264205
984,C0984,Sheri,Torres,Female,California,243005733
985,C0985,Jose,Chan,Male,New York,615.77.7685
986,C0986,Vincent,Unknown,Male,Ohio,085-0864-06
987,C0987,Patrick,Flores,Male,New York,183-56-8455
988,C0988,Robert,Thompson,Male,New York,100276471
989,C0989,Lucas,Conley,Male,New York,657/00/1176
990,C0990,Kiara,Miranda,Female,Ohio,022/73/9474
991,C0991,David,Mcclure,Male,New York,942227903
992,C0992,Ann,Sandoval,Female,New York,969-6072-37
993,C0993,David,Mcmillan,Male,California,606-08-7609
994,C0994,John,Patrick,Male,New York,474/06/5005
995,C0995,Jason,Graham,Male,New York,272.99.8455
996,C0996,Felicia,Howe,Female,New York,599/60/1108
997,C0997,Joel,Jordan,Male,New York,079-89-1050
998,C0998,Wayne,Unknown,Male,Texas,070190887
999,C0999,Alexandra,Fox,Female,California,514/78/8515
0,C1000,Todd,Robinson,Male,California,796-93-4918
