CustomerID,FirstName,LastName,Gender,RegionID,SSN
1,Gregory,Miller,Male,1,082573197
2,Marvin,Unknown,Male,2,309-6256-21
3,Gregory,Smith,Male,3,407071725
4,Edward,Davis,Male,1,948.18.5740
5,Reginald,Dawson,Male,4,975.72.3056
6,Virginia,Bryant,Female,1,981/72/7452
7,Benjamin,Shepherd,Male,1,048008736
8,Robert,Pierce,Male,3,009/01/2352
9,Samuel,Mcconnell,Male,2,007-3486-87
10,Jason,Unknown,Male,3,785/76/9341
11,Jason,Morales,Male,5,325-2353-01
12,Charles,Unknown,Male,3,239.14.0962
13,Brandon,Unknown,Male,1,573-3595-11
14,Jeffery,Cabrera,Male,3,705.13.1809
15,William,Gonzalez,Male,3,058-13-1272
16,Joe,Barnett,Male,1,995/87/4707
17,Angela,Cantrell,Female,4,648-61-0422
18,Mariah,Wilson,Female,3,108/82/5602
19,Michael,Unknown,Male,3,018-10-5442
20,Robert,Unknown,Male,3,029-4166-39
21,Rachel,Unknown,Female,3,453-6622-48
22,Timothy,Unknown,Male,4,239-01-2990
23,Grant,Bartlett,Male,1,914-9819-50
24,Luis,Roberts,Male,3,763990480
25,Jordan,Mercado,Male,4,765370466
26,Jesse,Wilkerson,Male,3,929/20/0753
27,Brandon,Smith,Male,3,614443050
28,William,Smith,Male,2,497/91/9481
29,Timothy,Unknown,Male,1,916.67.4499
30,Desiree,Washington,Female,1,408-46-8745
31,Steven,Morgan,Male,1,701763121
32,Joshua,Carson,Male,3,568-92-0245
33,Joshua,Robinson,Male,3,047014271
34,Paula,Hanson,Female,1,081/07/9840
35,Joshua,Sullivan,Male,4,904.58.8403
36,Lori,Long,Female,2,017-5322-19
37,Brett,Unknown,Male,5,890898446
38,Jose,Griffin,Male,2,209/80/2253
39,John,Mendoza,Male,3,490-4888-96
40,Yvette,Wood,Female,1,367-78-2663
41,Michael,Stephens,Male,3,936-93-1355
42,Steven,Farley,Male,4,184/60/5366
43,Rachel,Unknown,Female,3,419/85/0542
44,James,Robbins,Male,3,461-34-7072
45,Andrew,Hopkins,Male,3,863-15-2583
46,Dennis,Unknown,Male,2,573/90/4617
47,Seth,Hess,Male,4,075643618
48,Frank,Ross,Male,1,466.83.1539
49,Jeffrey,Unknown,Male,4,987/35/8591
50,Kimberly,Wright,Female,3,556/57/7221
51,David,Unknown,Male,5,709.24.5509
52,Todd,Kelley,Male,3,111-35-6646
53,Ian,Schneider,Male,3,174630010
54,Christopher,White,Male,2,356.84.9560
55,Jonathan,Thomas,Male,3,699-0156-58
56,Sonia,Vaughn,Female,2,906-9403-74
57,Brian,Price,Male,1,857/37/7811
58,Steven,Miller,Male,4,097-6290-75
59,Eric,Hoffman,Male,2,696/48/3718
60,Jonathan,Unknown,Male,3,054.34.9385
61,Gary,Nunez,Male,3,140/20/8506
62,Mark,Adams,Male,4,550-55-0046
63,Latoya,Unknown,Female,1,575-57-9346
64,Jason,Unknown,Male,5,051/16/0222
65,Anthony,Butler,Male,1,816-77-4692
66,Thomas,Kelly,Male,2,951.13.3429
67,Eric,Morris,Male,3,192-18-1825
68,John,Unknown,Male,5,866-81-0493
69,David,Hardy,Male,2,133-1820-60
70,Kevin,Franklin,Male,3,632496047
71,Charles,Warren,Male,4,515-65-1928
72,Eric,Mora,Male,2,458923106
73,Vincent,Unknown,Male,3,129128820
74,Roberto,Unknown,Male,3,363-76-4583
75,Troy,Garcia,Male,3,977/03/9472
76,James,Clark,Male,4,430-92-2347
77,John,Johnson,Male,5,747-8226-62
78,Caleb,Ramirez,Male,3,301728783
79,Timothy,Unknown,Male,3,410/56/1810
80,Ian,Fowler,Male,5,558-15-0115
81,Ryan,Pearson,Male,2,674718631
82,Samuel,Lopez,Male,1,945-93-6644
83,Antonio,Unknown,Male,4,510-56-7460
84,Michael,Brooks,Male,1,119-91-7665
85,Lindsay,Roberts,Female,1,815/63/1005
86,Robert,Unknown,Male,1,094-07-1577
87,John,Unknown,Male,2,263-34-6589
88,William,Unknown,Male,1,622.41.1761
89,Anthony,Lin,Male,3,231-34-6985
90,Jeremy,Williams,Male,3,638708215
91,Anna,Unknown,Female,4,551/20/3013
92,Antonio,Unknown,Male,1,056245826
93,Samuel,Woods,Male,1,498/10/5868
94,Darren,Woods,Male,4,301.92.4330
95,Paul,Reed,Male,4,378-8854-80
96,Christina,Brown,Female,2,869-8672-31
97,Anthony,Watts,Male,4,620/44/5794
98,Cassandra,Jones,Female,3,149340457
99,Corey,Valentine,Male,2,940/17/7867
100,Vernon,Morrow,Male,4,719/37/8837
101,Robert,Johnson,Male,1,040-6106-97
102,Dennis,Dominguez,Male,3,550/01/1030
103,Michael,Unknown,Male,2,696/54/6354
104,Stanley,Martin,Male,3,842.67.0625
105,David,Vance,Male,3,343-0309-22
106,Jason,Abbott,Male,4,636/18/1643
107,Christine,Ellis,Female,3,634157903
108,Edwin,Burgess,Male,3,078/39/8291
109,Caleb,Long,Male,5,580/78/2929
110,Megan,Miller,Female,1,898-14-6425
111,Brett,Unknown,Male,4,125/91/7939
112,Tyrone,Bell,Male,2,753-05-5870
113,Fernando,Martinez,Male,2,913-0392-42
114,Tyrone,Brown,Male,4,333-4677-11
115,William,Branch,Male,3,008.41.7074
116,Richard,Unknown,Male,2,358.34.4223
117,Donald,Terrell,Male,2,207-88-9507
118,Joseph,Morgan,Male,1,153-1650-24
119,Johnny,Unknown,Male,2,165.62.2040
120,Roger,Unknown,Male,2,562976885
121,Melissa,Dominguez,Female,3,177/76/4159
122,Dustin,Cook,Male,1,248.48.6801
123,Rebecca,Armstrong,Female,1,624.66.3469
124,Gabriel,Unknown,Male,3,175915578
125,Christopher,Green,Male,2,328058594
126,Keith,Oneal,Male,2,275.56.4906
127,Frank,Turner,Male,5,817-84-4697
128,Tina,Unknown,Female,1,387/15/2762
129,Gregory,Neal,Male,4,654553785
130,Ronald,Unknown,Male,1,622/83/6352
131,Daniel,Unknown,Male,3,378424172
132,Ryan,Stephens,Male,5,198-5941-83
133,Kevin,Unknown,Male,5,294/23/8712
134,Cole,Nelson,Male,2,677-4317-21
135,William,Watkins,Male,4,532-1241-44
136,Crystal,Floyd,Female,3,168-52-8691
137,Nicole,Unknown,Female,3,297.91.0856
138,William,Boone,Male,5,499-81-2161
139,Robert,Cook,Male,4,615.11.2555
140,Cesar,Wise,Male,3,203-69-9425
141,Douglas,Miller,Male,1,964/33/8007
142,Travis,Johnson,Male,2,508-54-8337
143,Sydney,Fisher,Female,3,706854753
144,Clifford,Unknown,Male,4,343/87/7021
145,Aaron,Unknown,Male,4,523/68/1709
146,Zachary,Unknown,Male,1,608-6876-51
147,Christopher,Hall,Male,2,200/46/6014
148,Matthew,Unknown,Male,2,099/89/5098
149,Robert,Adkins,Male,3,868-36-4514
150,Jon,Cohen,Male,2,635-23-8437
151,Matthew,Walter,Male,5,649/41/9497
152,Steven,Unknown,Male,4,985/71/5518
153,Gregory,Krueger,Male,2,274.65.4231
154,Andrew,Unknown,Male,4,709/37/6129
155,Amanda,Browning,Female,4,000.80.2922
156,Derrick,Bennett,Male,3,333070492
157,John,Unknown,Male,3,905-21-5215
158,Jeffrey,Harris,Male,3,470/86/8400
159,Alexander,Unknown,Male,3,601802494
160,Amy,Cruz,Female,4,130/29/5709
161,Justin,Williams,Male,5,780-84-0007
162,James,Williams,Male,3,169-8295-71
163,Tina,Holt,Female,3,546-5872-81
164,Theresa,Davis,Female,4,816.34.7228
165,Gregory,Ortega,Male,3,859-3483-25
166,Ronald,Unknown,Male,3,276.53.5075
167,Kevin,Unknown,Male,3,076-88-2950
168,David,Miller,Male,2,914.36.7227
169,Keith,Reed,Male,3,401/07/7473
170,Cody,Keller,Male,1,684-75-7240
171,Tim,Cameron,Male,4,836.32.9420
172,Michael,Bates,Male,4,745-11-7268
173,Alexander,Flores,Male,5,216.17.3440
174,Chloe,Wheeler,Female,1,560-5974-28
175,Darrell,Smith,Male,3,198963876
176,Edward,Bell,Male,3,381-9101-40
177,Daniel,Unknown,Male,2,751-0588-72
178,Miguel,Chung,Male,3,282577204
179,Michael,Unknown,Male,3,204846261
180,John,Unknown,Male,2,348492942
181,Michael,Hodges,Male,4,778-30-1843
182,David,Tran,Male,1,708199071
183,Mark,Howell,Male,4,735-3810-42
184,Miguel,Goodman,Male,4,713156107
185,James,Murphy,Male,3,906/91/8733
186,Christopher,Santos,Male,1,375/12/9236
187,Thomas,Unknown,Male,3,021777542
188,Wayne,Snyder,Male,4,491-38-4012
189,David,Jackson,Male,3,157-40-2491
190,Matthew,Gray,Male,1,764979468
191,Christopher,Sandoval,Male,3,690628259
192,Thomas,Unknown,Male,3,359-56-1933
193,Julie,Lozano,Female,3,749/67/4470
194,Eric,Unknown,Male,1,689.37.9003
195,Tamara,Unknown,Female,3,358-4954-00
196,Kevin,Unknown,Male,5,121/19/2928
197,Tyler,Larsen,Male,3,860616468
198,James,Ortiz,Male,2,603762095
199,Maurice,Unknown,Male,3,959/51/2357
200,Mario,Huff,Male,5,023-8191-37
201,Cameron,Santiago,Male,1,035.58.0197
202,Jason,Unknown,Male,1,858/37/6262
203,Michael,Holloway,Male,1,523/56/9572
204,Raymond,Unknown,Male,3,234-22-9115
205,Christopher,Johnson,Male,3,196.54.2452
206,Steven,Johnson,Male,3,350-34-3088
207,Brandon,Unknown,Male,1,969/21/5763
208,Logan,Unknown,Male,4,956-29-7833
209,Andrew,Curtis,Male,3,866-6045-95
210,Thomas,Lopez,Male,1,826-47-0616
211,Daniel,Holland,Male,1,115.11.4720
212,Eric,Burgess,Male,3,207-1954-25
213,Brian,Esparza,Male,1,499/92/6999
214,Larry,Knight,Male,4,238-5259-72
215,Reginald,Lee,Male,4,278-6380-19
216,Spencer,Howard,Male,4,854291313
217,Susan,Smith,Female,4,414622277
218,Daniel,Wilcox,Male,1,852.84.1205
219,Derek,Unknown,Male,5,527.30.6899
220,Gregory,Trujillo,Male,4,350-09-8032
221,Keith,Brown,Male,4,210.24.8549
222,Samantha,Barnes,Female,2,377.37.4733
223,Stephanie,Mckenzie,Female,4,096-7013-07
224,Cesar,Unknown,Male,4,907.42.6622
225,Thomas,Sosa,Male,4,079-30-2406
226,Christopher,Unknown,Male,3,280.99.7339
227,Jeffrey,Unknown,Male,1,465.35.7339
228,Travis,Jones,Male,3,473-77-9006
229,Derrick,Walters,Male,3,154.95.7652
230,Daniel,Mitchell,Male,2,899.86.9584
231,Jacob,Walton,Male,4,268796912
232,Mark,Hopkins,Male,3,469/86/0676
233,Mary,Unknown,Female,1,400/27/9865
234,Andrew,Bush,Male,2,376/12/4410
235,Amy,Unknown,Female,3,604/91/9892
236,Travis,Unknown,Male,2,545.77.6601
237,Marc,Unknown,Male,3,439493309
238,Jay,Wright,Male,1,187/92/1561
239,Frank,Unknown,Male,3,535-12-6229
240,Jessica,Unknown,Female,3,810.76.7865
241,Samuel,Taylor,Male,3,703724255
242,Jeffrey,Sparks,Male,3,765.95.6872
243,Eric,Lopez,Male,3,582-6685-00
244,Mark,Davidson,Male,4,677-6519-26
245,Mary,Anderson,Female,4,992/00/2853
246,Amanda,Kelly,Female,1,418-5224-65
247,Steven,Williams,Male,3,819/70/1950
248,Michelle,Morrow,Female,2,899686937
249,Robert,Pena,Male,3,988-13-4076
250,Rodney,Adams,Male,3,180071694
251,Roy,Cruz,Male,3,495401130
252,Joan,Johnson,Female,2,466.71.0398
253,Michael,Unknown,Male,1,798.49.0734
254,Shannon,Johnson,Female,3,982.00.8775
255,David,Adams,Male,2,138-2451-44
256,Dwayne,Unknown,Male,3,517.33.9517
257,Kevin,Unknown,Male,1,361/85/8506
258,Sherry,Unknown,Female,4,533.41.9413
259,Samantha,Mays,Female,3,594/56/7425
260,Robert,Anderson,Male,3,925-17-6007
261,Julie,Meyers,Female,3,522.61.5596
262,Kyle,Church,Male,1,821572393
263,Nicholas,Clark,Male,3,661308159
264,Tracy,Peterson,Female,4,350.02.8080
265,Lori,Mccarthy,Female,4,638/29/4112
266,Amy,Buck,Female,3,150634899
267,James,Unknown,Male,3,005-66-9453
268,Jessica,Dawson,Female,1,463/68/4353
269,Madison,Unknown,Female,3,093-7652-03
270,Richard,Schaefer,Male,1,650/80/4653
271,Nicholas,Unknown,Male,2,088.13.8659
272,Erika,Sanchez,Female,4,759457940
273,Geoffrey,Bell,Male,2,378-0441-49
274,Michael,Martinez,Male,1,221.45.4213
275,Joseph,Bowers,Male,5,715420916
276,Johnathan,Williams,Male,2,698.77.0629
277,Jessica,Hawkins,Female,2,509952002
278,Seth,Unknown,Male,3,574-59-5993
279,Jennifer,Ferguson,Female,3,940-38-6159
280,Andrew,Smith,Male,5,913-6969-10
281,Michelle,Conrad,Female,4,272/42/4961
282,Gavin,Sloan,Male,3,409-5608-63
283,Heather,Hawkins,Female,4,285.96.0691
284,Erik,Baker,Male,5,845-7862-88
285,Ruben,Unknown,Male,1,280.78.2463
286,Mary,Griffin,Female,4,184-6499-18
287,Sharon,Unknown,Female,4,124.25.4335
288,Karen,Hays,Female,5,448.28.6732
289,John,Williams,Male,2,559.57.9989
290,Erik,Unknown,Male,3,608-71-7297
291,Jeffrey,Unknown,Male,4,561.24.5225
292,Shawn,Unknown,Male,3,456-3413-94
293,Bradley,Black,Male,4,824/56/2887
294,Peter,Bennett,Male,4,312.52.9723
295,Bryan,Ryan,Male,2,748-1896-05
296,Nancy,Unknown,Female,2,182820684
297,Timothy,Myers,Male,4,667403920
298,Carla,Rosario,Female,2,889-89-0252
299,Hannah,Greer,Female,2,709-8128-72
300,Melanie,Thompson,Female,2,659-39-6269
301,Anthony,Unknown,Male,3,479-5689-61
302,Jason,Gonzales,Male,3,522-57-0366
303,Ryan,Matthews,Male,5,727/85/9949
304,Calvin,Soto,Male,3,898/08/3634
305,Curtis,Mccormick,Male,1,765664501
306,Jonathan,Chan,Male,5,722/35/0922
307,James,Franco,Male,4,413-69-2485
308,Larry,Walker,Male,2,558-3004-89
309,Anthony,Cox,Male,3,789-7985-30
310,Kevin,Ray,Male,4,546/20/9671
311,David,Owens,Male,2,404-41-9336
312,Jack,Pugh,Male,2,158/15/7436
313,Christopher,Unknown,Male,1,211.01.0961
314,David,Mcguire,Male,3,596519026
315,Allison,Unknown,Female,1,689.88.3957
316,George,Unknown,Male,4,305-09-9813
317,Steven,Stark,Male,2,908.70.1469
318,Michael,Solis,Male,3,305.22.3195
319,Karen,Sullivan,Female,4,246-94-7297
320,Cory,Ramsey,Male,2,438-99-0756
321,Kelly,Unknown,Female,2,567039426
322,Joseph,Unknown,Male,4,897-8017-80
323,Peter,Henson,Male,3,137.81.5524
324,Tony,Unknown,Male,1,165-2215-26
325,Bonnie,Unknown,Female,4,005-6989-59
326,Joshua,Reynolds,Male,3,660.36.0584
327,Anthony,Jordan,Male,3,779-2521-82
328,Gregory,Allen,Male,3,661-2657-81
329,Steven,Davis,Male,3,271957229
330,Bryan,Richmond,Male,4,355-6643-42
331,David,Unknown,Male,2,356-0126-98
332,Erika,Unknown,Female,2,884-6584-37
333,David,Burns,Male,4,643-9228-20
334,John,Unknown,Male,2,375.72.6314
335,Larry,Jefferson,Male,3,358-4194-04
336,Jesse,Unknown,Male,3,129/12/1590
337,William,Ray,Male,5,228-7071-40
338,Richard,Unknown,Male,1,811.18.7611
339,Alex,Unknown,Male,1,744-0211-27
340,Frank,Unknown,Male,2,277.76.9327
341,David,Unknown,Male,3,797-9320-55
342,Robert,Unknown,Male,3,990-32-5135
343,Matthew,Berry,Male,1,894-81-9798
344,Noah,Unknown,Male,4,510296857
345,Anthony,Hull,Male,3,697-9178-25
346,Jeremy,Lambert,Male,2,658/34/6936
347,Stephen,Phillips,Male,3,734845687
348,Mike,Burke,Male,4,866.77.5234
349,John,Mcintosh,Male,3,698/80/9899
350,David,Unknown,Male,2,147653850
351,Jessica,Manning,Female,3,647.75.8737
352,Sean,Simpson,Male,1,638-7289-08
353,Nathan,Unknown,Male,3,504-2411-39
354,Mitchell,Johnson,Male,2,829-8763-88
355,Pamela,Mcbride,Female,3,425.90.2226
356,Stephen,Taylor,Male,4,177-5404-42
357,Jose,Unknown,Male,3,277415602
358,Roger,Thompson,Male,1,802-12-7690
359,Alexander,Morrison,Male,4,836-92-1153
360,Gabriel,Walker,Male,1,898/87/7272
361,Andrew,Tucker,Male,1,648-0659-49
362,Matthew,Gillespie,Male,2,084-46-7165
363,Roy,Hernandez,Male,3,893-61-4036
364,Howard,Carlson,Male,3,507.62.8576
365,John,Edwards,Male,3,632-49-3571
366,John,Edwards,Male,1,462-59-5855
367,Thomas,Middleton,Male,1,826-5829-90
368,Robin,Unknown,Female,1,882.48.4061
369,Robert,Wiggins,Male,2,029-0509-87
370,Sara,Unknown,Female,5,059281675
371,Leonard,Unknown,Male,1,149.19.7207
372,John,Smith,Male,3,713-22-7086
373,Peter,Unknown,Male,4,292-8736-78
374,John,Morris,Male,1,748-0135-16
375,Robert,Unknown,Male,1,209-2035-64
376,Joshua,Anderson,Male,2,271145858
377,Christopher,Unknown,Male,4,960.64.6196
378,Dennis,Black,Male,3,915-18-3314
379,Paula,Adkins,Female,2,437.43.3821
380,Steven,Brown,Male,3,257/55/8548
381,Roy,West,Male,4,304865846
382,Crystal,Unknown,Female,3,937-5709-93
383,Lisa,Miller,Female,4,802/59/4377
384,Cory,Oconnor,Male,2,030/98/0111
385,Daniel,Unknown,Male,3,223725368
386,Jillian,Stone,Female,2,086.66.0761
387,Peter,Hurst,Male,4,779-6719-71
388,Frank,Flores,Male,1,407.29.8822
389,David,Unknown,Male,3,997/21/2778
390,Tanya,Unknown,Female,2,561244634
391,Eric,Bailey,Male,3,030/92/0130
392,Jason,Unknown,Male,2,941/81/5485
393,Brandon,Ruiz,Male,2,632-46-1894
394,Erin,Carroll,Female,3,024/76/7243
395,Joseph,Unknown,Male,2,538-65-5716
396,Warren,Bell,Male,4,182324729
397,Glenda,Jackson,Female,4,851/72/1298
398,Laura,Byrd,Female,2,953.50.4542
399,Matthew,Unknown,Male,1,564-98-7216
400,Jesse,Unknown,Male,5,863-0850-99
401,Timothy,Guzman,Male,4,009775821
402,John,Unknown,Male,3,349.92.3704
403,Jasmine,Unknown,Female,2,030.41.0612
404,Anthony,Taylor,Male,3,596750707
405,Lee,Boyd,Male,4,973.12.1661
406,Darrell,Unknown,Male,4,413/21/8677
407,Christian,Mcdaniel,Male,1,466-1910-56
408,Crystal,Kim,Female,3,768-04-8601
409,Robert,Greer,Male,3,797/69/2134
410,Brent,Banks,Male,3,263013531
411,Scott,Unknown,Male,2,302090516
412,Jessica,Smith,Female,4,847-38-4935
413,Christina,Unknown,Female,4,700493877
414,Paul,Simmons,Male,2,786274563
415,Anthony,Unknown,Male,2,480-2618-29
416,Nicholas,Browning,Male,3,805/15/7487
417,Troy,Unknown,Male,1,045-9897-29
418,Ross,Lee,Male,2,789058243
419,Gordon,Robinson,Male,2,440-4675-63
420,April,Fuentes,Female,3,132-0382-03
421,Herbert,Unknown,Male,1,035/97/8898
422,Shelby,Unknown,Female,3,307-93-4376
423,Ryan,Maldonado,Male,3,355-05-6327
424,Shannon,Barker,Female,5,313-47-0842
425,Justin,Unknown,Male,2,791670874
426,Brandon,Hernandez,Male,5,904/60/5617
427,Cameron,Dominguez,Male,3,084-1787-56
428,Joseph,Moore,Male,2,017/47/0860
429,Mary,Buckley,Female,3,442/92/7146
430,Dan,Unknown,Male,1,249/55/2779
431,Jeffrey,Martinez,Male,2,042-24-8141
432,Olivia,Unknown,Female,1,051.36.9965
433,Bryan,Hale,Male,1,634.53.0391
434,Matthew,Unknown,Male,2,783911683
435,Robert,Unknown,Male,3,815533127
436,Vincent,Rodriguez,Male,4,198.07.0447
437,Richard,Williams,Male,3,908719026
438,Melanie,Little,Female,3,828/28/9179
439,Brian,Acevedo,Male,3,272/05/3601
440,Larry,Unknown,Male,3,347-3921-42
441,Terri,Edwards,Female,2,493/90/7825
442,Seth,Alexander,Male,5,555.08.9445
443,Matthew,Owens,Male,2,352.40.0102
444,Jason,Wagner,Male,1,982/05/1754
445,Michael,Savage,Male,3,882/65/4392
446,Michael,Carrillo,Male,3,564/48/4536
447,Stephanie,Unknown,Female,3,663/59/5592
448,April,Mcdowell,Female,3,073402459
449,Amy,Ferguson,Female,4,749164614
450,Donna,Unknown,Female,3,706-0747-80
451,Brian,Cooper,Male,1,861.42.5250
452,Theresa,Unknown,Female,1,570-1296-54
453,Jacob,Coffey,Male,1,867/43/6512
454,Terry,Unknown,Male,4,677/16/8115
455,James,Chen,Male,2,487420419
456,Brittany,Johnson,Female,4,979/17/3836
457,Destiny,Marks,Female,3,672-40-9579
458,Louis,Unknown,Male,4,784481326
459,Brittney,Cook,Female,3,970-61-3474
460,Gina,Woods,Female,2,275/04/1147
461,Randy,Unknown,Male,1,338.73.8644
462,Craig,Walker,Male,2,998-9930-65
463,Martin,Unknown,Male,2,790/15/3522
464,Jordan,Powers,Male,2,922.14.4773
465,Andre,Unknown,Male,4,837.68.5476
466,Rachel,Lewis,Female,1,602.11.3834
467,James,Unknown,Male,3,456.67.7367
468,Tammy,Turner,Female,2,362/63/7054
469,Helen,Unknown,Female,1,139-3812-77
470,Misty,White,Female,4,563/82/5460
471,Nicole,Walton,Female,4,582-91-9525
472,William,Mullins,Male,3,008/37/7542
473,Brandon,Unknown,Male,3,170-13-0546
474,Jacob,Taylor,Male,2,604112993
475,Charles,Cook,Male,3,280-8436-92
476,Jonathan,Daniel,Male,4,534.21.2238
477,Timothy,Unknown,Male,3,294.62.3873
478,James,Unknown,Male,1,454-62-5243
479,Jack,Unknown,Male,1,007204052
480,David,Smith,Male,4,847-71-5785
481,Timothy,Unknown,Male,4,868249618
482,Ricky,Watson,Male,2,271-4829-98
483,Benjamin,Foster,Male,5,665/64/0040
484,Jacob,Lyons,Male,3,362.91.5393
485,Jamie,White,Male,5,056/37/9133
486,Matthew,Unknown,Male,3,975-57-2862
487,Melvin,Lewis,Male,3,394.45.8655
488,John,Johnson,Male,3,210-75-4618
489,Adam,Smith,Male,1,140-1181-96
490,Susan,Unknown,Female,4,513-27-7362
491,Aaron,Barnes,Male,3,808/49/9780
492,Christopher,Ford,Male,4,901-32-4128
493,Carlos,Bailey,Male,3,686/41/1046
494,Jacob,Smith,Male,3,730072863
495,Robert,Lewis,Male,4,937.73.2844
496,Sherry,Mckenzie,Female,3,897/44/0990
497,Oscar,Mcgrath,Male,3,891-1967-55
498,Jeremy,Williams,Male,4,790-64-7519
499,Jason,Watkins,Male,2,949235279
500,Jeffrey,Dean,Male,3,254/37/1125
501,Valerie,Lester,Female,4,268/11/5021
502,Ryan,Fischer,Male,4,094-5198-63
503,April,Unknown,Female,4,191/78/6810
504,Emily,Washington,Female,4,658093925
505,Jordan,Martin,Male,2,754.06.2267
506,Kenneth,Unknown,Male,3,329100206
507,John,Hale,Male,2,833-6515-21
508,Michael,Davis,Male,1,427-85-7401
509,Nicholas,Unknown,Male,1,872-17-5577
510,Tristan,Unknown,Male,3,111-1123-01
511,Chad,Ramos,Male,4,886579305
512,Ryan,Lee,Male,3,877-85-7648
513,Danielle,Unknown,Female,3,800-4481-53
514,Brian,Wallace,Male,3,374475345
515,Elizabeth,Boyd,Female,3,200-82-3160
516,Nathaniel,Snyder,Male,3,397-37-7759
517,Donald,Unknown,Male,1,715-6758-13
518,Juan,Miller,Male,4,638-37-0869
519,Barbara,Ellis,Female,2,990/97/4201
520,Jacob,Hughes,Male,2,138/39/3386
521,Jack,Castaneda,Male,3,050-27-2120
522,William,Smith,Male,4,302-5533-55
523,Raymond,Wood,Male,4,806-60-9242
524,Teresa,Martin,Female,1,034192490
525,Carl,Lindsey,Male,1,323198349
526,Edgar,Bennett,Male,2,444.54.2284
527,Carlos,Bowman,Male,1,886.43.8183
528,Tracy,Stewart,Male,4,331959404
529,Bruce,Snow,Male,2,725.90.3432
530,Steven,Bennett,Male,3,460196325
531,Troy,Unknown,Male,3,028-94-7382
532,Daniel,Perkins,Male,2,597/37/8024
533,Gabriel,Unknown,Male,1,028432126
534,Brandon,Gamble,Male,1,530-0021-67
535,Kenneth,Unknown,Male,3,760.39.1227
536,Daniel,Hardy,Male,3,113/85/1419
537,Gary,Unknown,Male,3,694/61/3884
538,Aaron,Peck,Male,3,629933034
539,Wanda,Clark,Female,3,992095479
540,Eduardo,Stokes,Male,3,663-14-5012
541,Carlos,Unknown,Male,4,572/63/4991
542,Joshua,Kramer,Male,1,385-8771-36
543,Bradley,Meyers,Male,3,137-03-1524
544,Kyle,Soto,Male,4,677.99.4055
545,Christopher,Spencer,Male,3,612-05-6774
546,Stephen,Brown,Male,4,732.93.2246
547,Kaitlyn,Thomas,Female,3,764.86.3865
548,Eric,Winters,Male,3,636-59-1132
549,Alexander,Harris,Male,3,541-7164-80
550,Gregory,Davidson,Male,2,267-97-0472
551,Amanda,Unknown,Female,4,034.52.0558
552,Kevin,Unknown,Male,2,966365553
553,Miguel,Fletcher,Male,1,987-32-9480
554,Gregory,Hicks,Male,3,966-37-9552
555,Alec,Unknown,Male,4,973-4733-34
556,Willie,Unknown,Male,2,568.43.1594
557,Frank,Miller,Male,4,617-1762-79
558,Donna,Unknown,Female,3,089/63/5050
559,Carl,Ramirez,Male,3,279-1965-46
560,Kimberly,Jones,Female,3,562/11/1695
561,Christopher,Unknown,Male,1,876/24/0093
562,Brenda,Stephens,Female,2,404404846
563,Katherine,Higgins,Female,3,016/09/7231
564,Dakota,Jones,Male,3,893-7996-21
565,Mitchell,Unknown,Male,4,031.87.4001
566,Jacob,Wang,Male,3,695.73.4158
567,Raymond,Gonzalez,Male,1,062.89.2798
568,Randy,Unknown,Male,2,398-88-3429
569,Heather,Mueller,Female,1,947-3711-52
570,Lee,Mayo,Male,4,071-3167-20
571,Jeffrey,Suarez,Male,3,658.39.7387
572,Anthony,Unknown,Male,2,119/62/5762
573,Adrian,Unknown,Male,2,102.46.0360
574,Kari,Unknown,Female,4,108346362
575,Paula,Moore,Female,4,963-36-3067
576,Jordan,Sullivan,Male,2,293.25.2049
577,Paul,Shaw,Male,3,728-7850-28
578,Daniel,Cook,Male,2,177/14/6885
579,Donald,Hubbard,Male,3,065/53/2591
580,Alexander,Valentine,Male,1,327340890
581,Angela,Gomez,Female,3,587.43.1597
582,Debbie,Robinson,Female,4,626.27.9139
583,Jim,Fields,Male,3,047015903
584,Thomas,Williams,Male,3,965/40/8422
585,Kenneth,Gardner,Male,4,328899851
586,Dean,Coffey,Male,5,273155435
587,Edward,Unknown,Male,2,044244391
588,Kylie,Garcia,Female,1,925-10-4399
589,Allen,Foster,Male,4,103540670
590,Michael,Roberts,Male,3,935562819
591,Julia,Jacobson,Female,3,592/88/1377
592,Melissa,Hernandez,Female,4,704/57/9173
593,Courtney,Unknown,Female,2,360-26-9475
594,John,Ellis,Male,3,634-02-5358
595,Nicholas,Crawford,Male,3,814.26.3239
596,Luke,Maldonado,Male,3,743615538
597,Dennis,Jones,Male,2,506.76.1257
598,Desiree,Unknown,Female,1,924579451
599,Frederick,Williams,Male,3,496-5914-18
600,Edwin,Unknown,Male,3,837.78.0909
601,Garrett,Unknown,Male,3,414/95/9933
602,Bill,Ochoa,Male,2,861882676
603,Eric,Hicks,Male,3,649/55/4815
604,Benjamin,Unknown,Male,3,697.18.0386
605,Amy,Walker,Female,2,306.73.2769
606,Frank,Unknown,Male,1,617/79/0897
607,Timothy,Miller,Male,4,306-55-8618
608,Calvin,Unknown,Male,4,124-0425-98
609,Derek,Anderson,Male,3,318/07/8242
610,Edward,Vazquez,Male,3,417-7435-38
611,Alexander,Unknown,Male,4,741322264
612,Teresa,Reed,Female,3,306-9245-31
613,Wesley,Nelson,Male,3,057-47-3606
614,Tracy,Stevenson,Female,2,771-86-7274
615,Jason,Abbott,Male,1,524.00.5465
616,Robert,Zimmerman,Male,2,283-1945-71
617,Michael,Unknown,Male,3,204-82-6060
618,Tiffany,Jones,Female,3,816/84/9730
619,Zachary,Nguyen,Male,3,817/78/3305
620,Shannon,Chang,Male,3,582409554
621,Juan,Davis,Male,3,707-8786-05
622,Jerry,Unknown,Male,3,754/65/5288
623,Jerry,Unknown,Male,4,432/31/6606
624,Wesley,Carrillo,Male,3,061.44.4952
625,Randy,Unknown,Male,1,095-49-8855
626,Alejandro,Gray,Male,1,745.80.1373
627,Lisa,Hernandez,Female,3,393/31/1560
628,Michael,Vazquez,Male,3,373/32/0470
629,Nathan,Johnston,Male,3,069755427
630,Thomas,Young,Male,2,727-72-6412
631,Tony,Unknown,Male,3,078/32/2176
632,Kristina,Wright,Female,3,572-86-2418
633,Kathryn,Kim,Female,4,844-7758-25
634,Mariah,Unknown,Female,1,323/48/4391
635,John,Gibson,Male,4,490-07-3913
636,Sean,Hogan,Male,2,734/72/6329
637,Michael,Wilkinson,Male,3,152/06/0931
638,Justin,Collins,Male,2,107-89-9337
639,Crystal,Riley,Female,2,148449590
640,John,Unknown,Male,3,891.91.2403
641,Kirk,Ramirez,Male,4,193/66/1684
642,Aaron,Unknown,Male,3,565.74.3758
643,Brian,Walker,Male,1,576737012
644,Donald,Unknown,Male,5,937-27-9766
645,Larry,Moore,Male,1,778.25.6788
646,Andrew,Unknown,Male,2,729-89-3938
647,David,Allison,Male,3,539/06/5495
648,Jason,Nichols,Male,2,719-2442-80
649,Amy,Reyes,Female,3,296737004
650,John,Wood,Male,4,052-04-5462
651,Natalie,Smith,Female,3,880-3505-46
652,James,Unknown,Male,3,630801605
653,Billy,Church,Male,3,740-49-1918
654,Richard,Nolan,Male,4,563/50/7536
655,Zachary,Unknown,Male,2,314-42-7494
656,Richard,Jordan,Male,2,344968900
657,Jason,Unknown,Male,2,051.70.8625
658,Devin,Unknown,Male,1,000940878
659,David,Mullen,Male,2,436/03/9045
660,Adam,Unknown,Male,4,981536889
661,Charles,Fritz,Male,3,251-90-1495
662,David,Unknown,Male,4,441/64/7109
663,Lisa,Villa,Female,3,112149119
664,Leslie,Hughes,Female,3,075304211
665,Steven,White,Male,3,544828156
666,Joshua,Unknown,Male,1,973-5585-29
667,Austin,Hogan,Male,3,861/99/1792
668,Joel,Mann,Male,3,387-57-6444
669,Kevin,Dixon,Male,1,991/97/3958
670,Kimberly,White,Female,3,816996056
671,David,Bell,Male,3,129066607
672,Daniel,Fernandez,Male,1,014-96-4372
673,Christopher,Davila,Male,1,379022313
674,Laura,Unknown,Female,4,817-2614-59
675,John,Tucker,Male,5,049591830
676,Michael,Young,Male,3,408-0221-83
677,Devin,Unknown,Male,2,756724909
678,Austin,Acevedo,Male,3,211-0663-62
679,Dustin,Barnett,Male,2,331.10.2620
680,Aaron,Hampton,Male,1,572-84-6258
681,Tabitha,Adams,Female,2,288108857
682,Lindsey,Mitchell,Female,4,997-4802-82
683,Gregory,Stafford,Male,4,975/24/5762
684,Tony,Hurst,Male,3,103-5957-92
685,Jeffrey,Unknown,Male,3,682/61/3360
686,Frank,Golden,Male,4,711819875
687,William,Thomas,Male,3,806.15.3788
688,Jennifer,Leonard,Female,2,719917971
689,Hector,Christensen,Male,3,508/60/1600
690,Christopher,Castro,Male,5,948/80/1129
691,David,Terry,Male,4,416187461
692,Gregory,Cabrera,Male,5,286.76.2954
693,Julie,Green,Female,4,918-9149-82
694,Steven,Unknown,Male,1,288496796
695,Michael,Todd,Male,4,413436693
696,David,Bass,Male,1,168-73-6465
697,Bryan,Anderson,Male,4,566092992
698,Joseph,Morrison,Male,5,260456543
699,Scott,Francis,Male,3,465-9419-14
700,Scott,Unknown,Male,3,735.67.8367
701,Christopher,Norton,Male,2,400961699
702,Richard,Howard,Male,1,603/11/5189
703,William,Garcia,Male,2,185.15.1126
704,Scott,Watts,Male,3,918.41.2763
705,Matthew,Floyd,Male,2,084802032
706,Teresa,Whitehead,Female,1,947.39.7419
707,Rebecca,Unknown,Female,3,091-0824-33
708,Ronald,Maxwell,Male,2,686.26.5522
709,Jennifer,Nelson,Female,3,331-69-1084
710,Joshua,Unknown,Male,3,478596750
711,Katie,Murray,Female,4,408808242
712,Ashley,Moore,Female,1,576-7725-50
713,Carlos,Combs,Male,2,516.04.8874
714,Nicholas,Unknown,Male,2,567/74/5231
715,Christopher,Unknown,Male,5,707-8462-72
716,Jennifer,Pittman,Female,4,177.13.1215
717,Trevor,Fitzgerald,Male,1,527-73-7923
718,John,Jones,Male,4,535606961
719,Cynthia,Hurley,Female,3,836-6927-30
720,Ryan,Mcgrath,Male,4,674-2228-57
721,Christine,White,Female,3,083.33.2884
722,Eric,Newman,Male,5,693.89.5447
723,William,Ellison,Male,4,737-0690-29
724,Christine,White,Female,3,675.17.5463
725,Andrew,Glover,Male,4,993-5007-94
726,Stephen,Walton,Male,2,289-8259-74
727,Rachel,Schwartz,Female,2,160.49.0324
728,Brittany,Ramsey,Female,1,383-0547-70
729,Alexis,Donovan,Female,2,561-71-3087
730,Timothy,Thompson,Male,2,113-46-3587
731,Calvin,Sanders,Male,5,783/13/6548
732,Dwayne,Montoya,Male,3,440/16/7245
733,Lauren,Salazar,Female,1,248-55-4790
734,John,Page,Male,3,794.24.1662
735,Carlos,Welch,Male,3,167-90-9533
736,Thomas,Williams,Male,2,295.19.3511
737,David,Unknown,Male,3,761.01.3422
738,Donna,Unknown,Female,1,747.93.9252
739,Anita,Cunningham,Female,3,432-6964-23
740,Christopher,Wilson,Male,3,650-0534-93
741,Collin,Haynes,Male,3,470/73/6773
742,Joshua,Jackson,Male,3,928/63/8658
743,Eric,Ross,Male,3,129.76.8513
744,Heather,French,Female,1,686-53-1531
745,Chris,Barker,Male,2,739032204
746,Michael,Young,Male,3,406-72-1383
747,Timothy,Fisher,Male,4,479517675
748,Debra,Martin,Female,3,567-1189-13
749,Thomas,Jackson,Male,3,289.55.1262
750,Kevin,Townsend,Male,3,050.14.3776
751,Benjamin,Unknown,Male,2,852-32-5407
752,Michael,Evans,Male,4,498-3503-65
753,Christian,Gray,Male,3,239.34.2932
754,Connor,Smith,Male,3,740.82.6558
755,Amanda,Unknown,Female,3,408-26-2092
756,Daniel,Perkins,Male,3,675-1755-92
757,David,Clark,Male,5,282/93/1210
758,Christopher,Unknown,Male,1,662484840
759,Nicholas,Unknown,Male,1,808-2442-93
760,Savannah,Davis,Female,3,801729823
761,Steven,Arnold,Male,3,159.87.1151
762,Jose,Unknown,Male,2,970074242
763,Mark,Unknown,Male,1,039-5745-76
764,Matthew,Woods,Male,1,558-9367-99
765,Johnathan,Rivera,Male,5,568504710
766,Brandon,Edwards,Male,3,851825607
767,Jacqueline,Gilmore,Female,4,264-1061-17
768,David,Galloway,Male,1,119/57/3806
769,Chad,Lyons,Male,2,683117463
770,Nicholas,Unknown,Male,4,649-0725-29
771,Matthew,Woods,Male,3,526.21.7299
772,Travis,Smith,Male,3,739-2348-14
773,Casey,Smith,Male,2,318-29-0201
774,Travis,Bowman,Male,3,397-23-5347
775,Mark,Jenkins,Male,3,568919038
776,Charles,Williams,Male,2,003-8999-49
777,Justin,Unknown,Male,3,557-2341-72
778,John,Houston,Male,4,313-49-0734
779,Shannon,Bates,Male,2,021/30/3327
780,Teresa,Morgan,Female,2,527-17-1458
781,Anthony,Unknown,Male,3,953/57/9645
782,Mary,Unknown,Female,2,403-62-2204
783,Victoria,Nelson,Female,3,464-5123-85
784,Benjamin,Unknown,Male,3,356/60/5783
785,Janice,David,Female,2,266-38-9766
786,Leslie,Unknown,Female,1,318-03-3286
787,Travis,Unknown,Male,3,726208843
788,Angela,Dodson,Female,1,715-1643-96
789,John,Gonzalez,Male,1,010-5095-76
790,Bryan,Unknown,Male,4,910-51-1306
791,Robert,Schultz,Male,2,101.61.2177
792,Michael,Unknown,Male,1,117036199
793,Jeffrey,Smith,Male,3,219-33-2658
794,Jason,Robertson,Male,1,359262855
795,Anthony,Unknown,Male,5,364-08-4063
796,Erin,Young,Female,4,884-9677-39
797,Justin,Schneider,Male,4,574/09/7680
798,Michael,Unknown,Male,3,599.39.4555
799,Brittany,Rodriguez,Female,3,500883494
800,Cody,Potter,Male,2,351-55-8727
801,David,Wagner,Male,3,943.79.2034
802,Craig,Lam,Male,1,200.84.5543
803,John,Unknown,Male,2,423/29/0734
804,Timothy,Cisneros,Male,2,881-1905-85
805,Amber,Stephenson,Female,5,205.17.2098
806,Troy,Unknown,Male,2,110022003
807,Hunter,Navarro,Male,5,700406261
808,Robert,Kaufman,Male,4,702892540
809,Jessica,Miller,Female,4,673-47-1287
810,James,Unknown,Male,4,419789059
811,Christine,Allen,Female,3,951-2488-98
812,Phillip,Unknown,Male,3,620-72-8376
813,Ryan,Unknown,Male,3,656.31.4369
814,Julie,Adams,Female,4,356097767
815,Matthew,Sanchez,Male,3,896.58.8352
816,Michael,Lynn,Male,3,614-35-1714
817,Caroline,Unknown,Female,3,842908366
818,Matthew,Perez,Male,3,558/26/0751
819,William,Gilbert,Male,5,754-3992-58
820,Christopher,Unknown,Male,4,281.42.9548
821,Eddie,Smith,Male,3,901694656
822,Timothy,Unknown,Male,2,221-4516-73
823,Kimberly,Brown,Female,1,050/73/5527
824,Robert,Unknown,Male,4,507.44.7361
825,Michael,Valdez,Male,4,356-4576-29
826,Lisa,Holloway,Female,3,891/41/2693
827,Amanda,Collins,Female,1,390.95.9957
828,Shannon,Unknown,Female,3,027835510
829,Eric,Snyder,Male,3,903113332
830,Michele,Beasley,Female,3,507.51.7033
831,Jeffrey,Wolf,Male,1,711-58-4782
832,Karen,Medina,Female,3,648/94/7287
833,Dean,James,Male,2,618129284
834,Bryan,Robertson,Male,3,662124699
835,Johnny,Coleman,Male,3,866623520
836,Charles,Trevino,Male,3,928.04.5324
837,Robert,Lopez,Male,3,386-6741-90
838,Jesse,Myers,Male,4,854.56.3917
839,Lauren,Lopez,Female,4,968-0132-77
840,John,Sweeney,Male,3,694-5458-24
841,Dwayne,Keller,Male,3,126.64.3837
842,Jessica,Unknown,Female,2,775/83/9530
843,Edward,Walker,Male,3,024898098
844,David,Thompson,Male,1,768.92.2268
845,Andrew,Unknown,Male,3,233-3030-52
846,Erika,Lloyd,Female,1,198-0366-31
847,Aaron,Peterson,Male,2,593-84-1266
848,Rebecca,Unknown,Female,2,256/41/4863
849,Oscar,Gomez,Male,5,489.63.4078
850,Randall,Unknown,Male,4,070-22-6114
851,Darrell,Unknown,Male,5,661-3744-96
852,Jordan,Tanner,Male,3,748-6072-32
853,Robert,Snyder,Male,3,628-8335-06
854,John,Unknown,Male,3,063308990
855,Franklin,Garcia,Male,4,051903583
856,Thomas,Unknown,Male,2,990/88/2906
857,Austin,Espinoza,Male,3,950035063
858,Joshua,Payne,Male,2,403/56/4438
859,Robert,Unknown,Male,2,749/65/5774
860,Cathy,Unknown,Female,3,333381434
861,Jacob,Williams,Male,1,330.23.7698
862,Bryan,Hernandez,Male,3,890-54-1146
863,Martin,Velasquez,Male,2,091-46-8612
864,Eric,Wilson,Male,3,631-7649-02
865,David,Unknown,Male,4,613-01-9907
866,Phillip,Lopez,Male,3,001-08-6911
867,Jorge,Unknown,Male,4,080-12-8291
868,Tyler,Garrison,Male,3,005/57/1624
869,Jillian,Hughes,Female,5,247.49.6700
870,Jasmine,Edwards,Female,1,142-16-2616
871,Daniel,Curry,Male,4,481.07.7923
872,Joseph,Turner,Male,1,168988272
873,Cody,Unknown,Male,4,786-47-3524
874,Joshua,Young,Male,4,739144009
875,Dawn,Nunez,Female,3,665.26.9354
876,Jasmine,Washington,Female,3,317-4734-22
877,Kenneth,Hill,Male,1,071-39-9457
878,Brian,Unknown,Male,1,616/49/1936
879,Nicholas,Ramirez,Male,2,812-2438-72
880,Aaron,Morrison,Male,4,044.02.2527
881,Scott,Unknown,Male,3,148/45/9253
882,Sean,Smith,Male,4,710/43/1870
883,Brian,Beard,Male,2,862-01-4263
884,Jose,Unknown,Male,5,833/57/8977
885,James,Williams,Male,1,106.85.1769
886,Angela,Unknown,Female,1,503457186
887,Evan,Andrews,Male,5,731.92.8333
888,Donald,Lewis,Male,3,818.63.6644
889,Christopher,Unknown,Male,2,397468005
890,Zachary,Moore,Male,4,367-67-1951
891,Marcus,Unknown,Male,4,272979341
892,Christopher,Unknown,Male,3,580.79.3035
893,David,Unknown,Male,1,729/21/8126
894,Samantha,Unknown,Female,5,066747297
895,Gregg,Unknown,Male,1,393043927
896,James,Williams,Male,3,989-84-2552
897,James,Morgan,Male,3,821.29.4237
898,Juan,Hamilton,Male,2,967-72-2021
899,David,Powell,Male,4,504.87.3647
900,Eric,Unknown,Male,1,051-7957-39
901,Evan,Farrell,Male,4,221-14-5811
902,Sean,Harris,Male,3,448-7799-64
903,Brandon,Sullivan,Male,5,326306471
904,David,Unknown,Male,3,415-43-8803
905,Alan,Melton,Male,3,082.18.1707
906,Michael,Zuniga,Male,1,403/78/5447
907,Bradley,Parrish,Male,1,935.29.5860
908,Kevin,Cruz,Male,3,805-1842-98
909,Steven,Hamilton,Male,2,833.89.6331
910,Derek,Carpenter,Male,3,441.17.1460
911,Scott,Beasley,Male,3,351-53-8339
912,Kristina,Unknown,Female,4,035-55-7592
913,Robert,Ramirez,Male,3,102-2526-20
914,Thomas,Smith,Male,3,380-2781-81
915,Christopher,Ryan,Male,5,312.08.8400
916,Lucas,Hernandez,Male,1,120.00.9745
917,Sandra,Gonzalez,Female,3,005/43/4466
918,Katie,Bailey,Female,4,002-93-8966
919,John,Sullivan,Male,3,953558475
920,William,Unknown,Male,4,428.21.5783
921,David,Lewis,Male,4,342.17.1984
922,Peter,Unknown,Male,5,420.24.9288
923,Richard,Mcdaniel,Male,1,819562443
924,Albert,Bolton,Male,3,975.02.9800
925,Susan,Unknown,Female,4,537-8740-76
926,William,Unknown,Male,3,480/80/7314
927,Christopher,Williams,Male,1,204.84.6943
928,Roger,Patrick,Male,3,956.40.6195
929,David,Unknown,Male,1,975050802
930,Charles,Unknown,Male,4,250-7531-04
931,Timothy,Campbell,Male,5,442.32.0679
932,Misty,Unknown,Female,2,932.14.4830
933,Patricia,Unknown,Female,2,150/87/7563
934,Timothy,Unknown,Male,3,703.95.0512
935,Jeffrey,Rose,Male,2,982/67/4041
936,Paul,Unknown,Male,5,582-6433-92
937,Kyle,Robertson,Male,2,881.32.6075
938,Alexander,Miller,Male,4,007/16/9190
939,Sandra,Unknown,Female,2,879.28.3301
940,Shane,Ward,Male,4,259-86-5545
941,Melvin,Unknown,Male,3,213-2596-74
942,Thomas,Unknown,Male,2,169/12/7931
943,Mark,Velez,Male,3,668-32-7363
944,Carlos,Richards,Male,4,457.37.8358
945,Garrett,Miller,Male,1,557953164
946,Gabriel,Cole,Male,2,514-8532-66
947,James,Robertson,Male,2,475.56.1820
948,Richard,Powell,Male,2,424-04-1200
949,David,Unknown,Male,3,604-25-1144
950,Eric,Walker,Male,3,060649770
951,Luis,Cooper,Male,3,048/06/6515
952,Gregory,Unknown,Male,1,266.49.0127
953,David,Lynch,Male,2,016/86/5351
954,Keith,Unknown,Male,5,183-1694-15
955,Dawn,Rogers,Female,2,065/53/8468
956,Mark,Allen,Male,1,018-7547-13
957,Jason,Williams,Male,3,372845521
958,Molly,Gill,Female,3,020.58.3905
959,Jonathan,Unknown,Male,5,213-29-7939
960,David,Butler,Male,3,817-47-0751
961,John,Rodriguez,Male,4,472/05/2543
962,Penny,Unknown,Female,1,908.38.9138
963,Matthew,Valentine,Male,3,920/86/7331
964,Carolyn,Unknown,Female,2,386-58-8802
965,Scott,Unknown,Male,1,226607396
966,Christopher,Meadows,Male,1,249/65/1683
967,Steven,Gill,Male,4,751.44.2943
968,Randy,Smith,Male,3,766/55/9816
969,Daniel,Hendrix,Male,5,503/90/5580
970,Tyler,Allen,Male,1,356209150
971,Jeff,Nelson,Male,3,202775865
972,Dennis,Unknown,Male,2,878/03/4243
973,Casey,Le,Male,1,457.60.2278
974,Carolyn,Howell,Female,1,760/76/5320
975,Peter,Unknown,Male,3,530-68-5706
976,Jeremy,Tran,Male,4,056.03.9557
977,Daniel,Malone,Male,4,427-2973-71
978,Kenneth,Ryan,Male,5,240-0161-03
979,Andrew,Unknown,Male,3,044-6546-06
980,Bruce,Hawkins,Male,1,064.58.8071
981,Matthew,Martinez,Male,4,841-52-1315
982,Kathy,Unknown,Female,2,435-7072-16
983,Daniel,Unknown,Male,3,424264205
984,Sheri,Torres,Female,2,243005733
985,Jose,Chan,Male,3,615.77.7685
986,Vincent,Unknown,Male,1,085-0864-06
987,Patrick,Flores,Male,3,183-56-8455
988,Robert,Thompson,Male,3,100276471
989,Lucas,Conley,Male,3,657/00/1176
990,Kiara,Miranda,Female,1,022/73/9474
991,David,Mcclure,Male,3,942227903
992,Ann,Sandoval,Female,3,969-6072-37
993,David,Mcmillan,Male,2,606-08-7609
994,John,Patrick,Male,3,474/06/5005
995,Jason,Graham,Male,3,272.99.8455
996,Felicia,Howe,Female,3,599/60/1108
997,Joel,Jordan,Male,3,079-89-1050
998,Wayne,Unknown,Male,4,070190887
999,Alexandra,Fox,Female,2,514/78/8515
0,Todd,Robinson,Male,2,796-93-4918
